Scenario,Baseline,Year,Agp,Index,A,M,L,U
Sch,Sch,2013,All,dN_HZ,0,0,0,0
Sch,Sch,2013,All,dN_HZ_Death,0,0,0,0
Sch,Sch,2013,All,PAF_Inc,0,0,-0,-0
Sch,Sch,2013,All,PAF_Mor,0,0,-0,-0
Sch,Sch,2013,All,Avt_Inc,0,0,-0,-0
Sch,Sch,2013,All,Avt_Mor,0,0,-0,-0
Sch,Sch,2014,All,dN_HZ,0,0,0,0
Sch,Sch,2014,All,dN_HZ_Death,0,0,0,0
Sch,Sch,2014,All,PAF_Inc,0,0,-0,-0
Sch,Sch,2014,All,PAF_Mor,0,0,-0,-0
Sch,Sch,2014,All,Avt_Inc,0,0,-0,-0
Sch,Sch,2014,All,Avt_Mor,0,0,-0,-0
Sch,Sch,2015,All,dN_HZ,0,0,0,0
Sch,Sch,2015,All,dN_HZ_Death,0,0,0,0
Sch,Sch,2015,All,PAF_Inc,0,0,-0,-0
Sch,Sch,2015,All,PAF_Mor,0,0,-0,-0
Sch,Sch,2015,All,Avt_Inc,0,0,-0,-0
Sch,Sch,2015,All,Avt_Mor,0,0,-0,-0
Sch,Sch,2016,All,dN_HZ,0,0,0,0
Sch,Sch,2016,All,dN_HZ_Death,0,0,0,0
Sch,Sch,2016,All,PAF_Inc,0,0,-0,-0
Sch,Sch,2016,All,PAF_Mor,0,0,-0,-0
Sch,Sch,2016,All,Avt_Inc,0,0,-0,-0
Sch,Sch,2016,All,Avt_Mor,0,0,-0,-0
Sch,Sch,2017,All,dN_HZ,0,0,0,0
Sch,Sch,2017,All,dN_HZ_Death,0,0,0,0
Sch,Sch,2017,All,PAF_Inc,0,0,-0,-0
Sch,Sch,2017,All,PAF_Mor,0,0,-0,-0
Sch,Sch,2017,All,Avt_Inc,0,0,-0,-0
Sch,Sch,2017,All,Avt_Mor,0,0,-0,-0
Sch,Sch,2018,All,dN_HZ,0,0,0,0
Sch,Sch,2018,All,dN_HZ_Death,0,0,0,0
Sch,Sch,2018,All,PAF_Inc,0,0,-0,-0
Sch,Sch,2018,All,PAF_Mor,0,0,-0,-0
Sch,Sch,2018,All,Avt_Inc,0,0,-0,-0
Sch,Sch,2018,All,Avt_Mor,0,0,-0,-0
Sch,Sch,2019,All,dN_HZ,0,0,0,0
Sch,Sch,2019,All,dN_HZ_Death,0,0,0,0
Sch,Sch,2019,All,PAF_Inc,0,0,-0,-0
Sch,Sch,2019,All,PAF_Mor,0,0,-0,-0
Sch,Sch,2019,All,Avt_Inc,0,0,-0,-0
Sch,Sch,2019,All,Avt_Mor,0,0,-0,-0
Sch,Sch,2020,All,dN_HZ,0,0,0,0
Sch,Sch,2020,All,dN_HZ_Death,0,0,0,0
Sch,Sch,2020,All,PAF_Inc,0,0,-0,-0
Sch,Sch,2020,All,PAF_Mor,0,0,-0,-0
Sch,Sch,2020,All,Avt_Inc,0,0,-0,-0
Sch,Sch,2020,All,Avt_Mor,0,0,-0,-0
Sch,Sch,2021,All,dN_HZ,0,0,0,0
Sch,Sch,2021,All,dN_HZ_Death,0,0,0,0
Sch,Sch,2021,All,PAF_Inc,0,0,-0,-0
Sch,Sch,2021,All,PAF_Mor,0,0,-0,-0
Sch,Sch,2021,All,Avt_Inc,0,0,-0,-0
Sch,Sch,2021,All,Avt_Mor,0,0,-0,-0
Sch,Sch,2022,All,dN_HZ,0,0,0,0
Sch,Sch,2022,All,dN_HZ_Death,0,0,0,0
Sch,Sch,2022,All,PAF_Inc,0,0,-0,-0
Sch,Sch,2022,All,PAF_Mor,0,0,-0,-0
Sch,Sch,2022,All,Avt_Inc,0,0,-0,-0
Sch,Sch,2022,All,Avt_Mor,0,0,-0,-0
Sch,Sch,2023,All,dN_HZ,0,0,0,0
Sch,Sch,2023,All,dN_HZ_Death,0,0,0,0
Sch,Sch,2023,All,PAF_Inc,0,0,-0,-0
Sch,Sch,2023,All,PAF_Mor,0,0,-0,-0
Sch,Sch,2023,All,Avt_Inc,0,0,-0,-0
Sch,Sch,2023,All,Avt_Mor,0,0,-0,-0
Sch,Sch,2024,All,dN_HZ,0,0,0,0
Sch,Sch,2024,All,dN_HZ_Death,0,0,0,0
Sch,Sch,2024,All,PAF_Inc,0,0,-0,-0
Sch,Sch,2024,All,PAF_Mor,0,0,-0,-0
Sch,Sch,2024,All,Avt_Inc,0,0,-0,-0
Sch,Sch,2024,All,Avt_Mor,0,0,-0,-0
Sch,Sch,2025,All,dN_HZ,0,0,0,0
Sch,Sch,2025,All,dN_HZ_Death,0,0,0,0
Sch,Sch,2025,All,PAF_Inc,0,0,-0,-0
Sch,Sch,2025,All,PAF_Mor,0,0,-0,-0
Sch,Sch,2025,All,Avt_Inc,0,0,-0,-0
Sch,Sch,2025,All,Avt_Mor,0,0,-0,-0
Sch,Sch,2026,All,dN_HZ,0,0,0,0
Sch,Sch,2026,All,dN_HZ_Death,0,0,0,0
Sch,Sch,2026,All,PAF_Inc,0,0,-0,-0
Sch,Sch,2026,All,PAF_Mor,0,0,-0,-0
Sch,Sch,2026,All,Avt_Inc,0,0,-0,-0
Sch,Sch,2026,All,Avt_Mor,0,0,-0,-0
Sch,Sch,2027,All,dN_HZ,0,0,0,0
Sch,Sch,2027,All,dN_HZ_Death,0,0,0,0
Sch,Sch,2027,All,PAF_Inc,0,0,-0,-0
Sch,Sch,2027,All,PAF_Mor,0,0,-0,-0
Sch,Sch,2027,All,Avt_Inc,0,0,-0,-0
Sch,Sch,2027,All,Avt_Mor,0,0,-0,-0
Sch,Sch,2028,All,dN_HZ,0,0,0,0
Sch,Sch,2028,All,dN_HZ_Death,0,0,0,0
Sch,Sch,2028,All,PAF_Inc,0,0,-0,-0
Sch,Sch,2028,All,PAF_Mor,0,0,-0,-0
Sch,Sch,2028,All,Avt_Inc,0,0,-0,-0
Sch,Sch,2028,All,Avt_Mor,0,0,-0,-0
Sch,Sch,2029,All,dN_HZ,0,0,0,0
Sch,Sch,2029,All,dN_HZ_Death,0,0,0,0
Sch,Sch,2029,All,PAF_Inc,0,0,-0,-0
Sch,Sch,2029,All,PAF_Mor,0,0,-0,-0
Sch,Sch,2029,All,Avt_Inc,0,0,-0,-0
Sch,Sch,2029,All,Avt_Mor,0,0,-0,-0
Sch,Sch,2030,All,dN_HZ,0,0,0,0
Sch,Sch,2030,All,dN_HZ_Death,0,0,0,0
Sch,Sch,2030,All,PAF_Inc,0,0,-0,-0
Sch,Sch,2030,All,PAF_Mor,0,0,-0,-0
Sch,Sch,2030,All,Avt_Inc,0,0,-0,-0
Sch,Sch,2030,All,Avt_Mor,0,0,-0,-0
Sch,Sch,2031,All,dN_HZ,0,0,0,0
Sch,Sch,2031,All,dN_HZ_Death,0,0,0,0
Sch,Sch,2031,All,PAF_Inc,0,0,-0,-0
Sch,Sch,2031,All,PAF_Mor,0,0,-0,-0
Sch,Sch,2031,All,Avt_Inc,0,0,-0,-0
Sch,Sch,2031,All,Avt_Mor,0,0,-0,-0
Sch,Sch,2032,All,dN_HZ,0,0,0,0
Sch,Sch,2032,All,dN_HZ_Death,0,0,0,0
Sch,Sch,2032,All,PAF_Inc,0,0,-0,-0
Sch,Sch,2032,All,PAF_Mor,0,0,-0,-0
Sch,Sch,2032,All,Avt_Inc,0,0,-0,-0
Sch,Sch,2032,All,Avt_Mor,0,0,-0,-0
Sch,Sch,2033,All,dN_HZ,0,0,0,0
Sch,Sch,2033,All,dN_HZ_Death,0,0,0,0
Sch,Sch,2033,All,PAF_Inc,0,0,-0,-0
Sch,Sch,2033,All,PAF_Mor,0,0,-0,-0
Sch,Sch,2033,All,Avt_Inc,0,0,-0,-0
Sch,Sch,2033,All,Avt_Mor,0,0,-0,-0
Sch,Sch,2034,All,dN_HZ,0,0,0,0
Sch,Sch,2034,All,dN_HZ_Death,0,0,0,0
Sch,Sch,2034,All,PAF_Inc,0,0,-0,-0
Sch,Sch,2034,All,PAF_Mor,0,0,-0,-0
Sch,Sch,2034,All,Avt_Inc,0,0,-0,-0
Sch,Sch,2034,All,Avt_Mor,0,0,-0,-0
Sch,Sch,2035,All,dN_HZ,0,0,0,0
Sch,Sch,2035,All,dN_HZ_Death,0,0,0,0
Sch,Sch,2035,All,PAF_Inc,0,0,-0,-0
Sch,Sch,2035,All,PAF_Mor,0,0,-0,-0
Sch,Sch,2035,All,Avt_Inc,0,0,-0,-0
Sch,Sch,2035,All,Avt_Mor,0,0,-0,-0
Sch,Sch,2036,All,dN_HZ,0,0,0,0
Sch,Sch,2036,All,dN_HZ_Death,0,0,0,0
Sch,Sch,2036,All,PAF_Inc,0,0,-0,-0
Sch,Sch,2036,All,PAF_Mor,0,0,-0,-0
Sch,Sch,2036,All,Avt_Inc,0,0,-0,-0
Sch,Sch,2036,All,Avt_Mor,0,0,-0,-0
Sch,Sch,2037,All,dN_HZ,0,0,0,0
Sch,Sch,2037,All,dN_HZ_Death,0,0,0,0
Sch,Sch,2037,All,PAF_Inc,0,0,-0,-0
Sch,Sch,2037,All,PAF_Mor,0,0,-0,-0
Sch,Sch,2037,All,Avt_Inc,0,0,-0,-0
Sch,Sch,2037,All,Avt_Mor,0,0,-0,-0
Sch,Sch,2038,All,dN_HZ,0,0,0,0
Sch,Sch,2038,All,dN_HZ_Death,0,0,0,0
Sch,Sch,2038,All,PAF_Inc,0,0,-0,-0
Sch,Sch,2038,All,PAF_Mor,0,0,-0,-0
Sch,Sch,2038,All,Avt_Inc,0,0,-0,-0
Sch,Sch,2038,All,Avt_Mor,0,0,-0,-0
Sch,Sch,2039,All,dN_HZ,0,0,0,0
Sch,Sch,2039,All,dN_HZ_Death,0,0,0,0
Sch,Sch,2039,All,PAF_Inc,0,0,-0,-0
Sch,Sch,2039,All,PAF_Mor,0,0,-0,-0
Sch,Sch,2039,All,Avt_Inc,0,0,-0,-0
Sch,Sch,2039,All,Avt_Mor,0,0,-0,-0
Sch,Sch,2040,All,dN_HZ,0,0,0,0
Sch,Sch,2040,All,dN_HZ_Death,0,0,0,0
Sch,Sch,2040,All,PAF_Inc,0,0,-0,-0
Sch,Sch,2040,All,PAF_Mor,0,0,-0,-0
Sch,Sch,2040,All,Avt_Inc,0,0,-0,-0
Sch,Sch,2040,All,Avt_Mor,0,0,-0,-0
Sch,Sch,2041,All,dN_HZ,0,0,0,0
Sch,Sch,2041,All,dN_HZ_Death,0,0,0,0
Sch,Sch,2041,All,PAF_Inc,0,0,-0,-0
Sch,Sch,2041,All,PAF_Mor,0,0,-0,-0
Sch,Sch,2041,All,Avt_Inc,0,0,-0,-0
Sch,Sch,2041,All,Avt_Mor,0,0,-0,-0
Sch,Sch,2042,All,dN_HZ,0,0,0,0
Sch,Sch,2042,All,dN_HZ_Death,0,0,0,0
Sch,Sch,2042,All,PAF_Inc,0,0,-0,-0
Sch,Sch,2042,All,PAF_Mor,0,0,-0,-0
Sch,Sch,2042,All,Avt_Inc,0,0,-0,-0
Sch,Sch,2042,All,Avt_Mor,0,0,-0,-0
Sch,Sch,2043,All,dN_HZ,0,0,0,0
Sch,Sch,2043,All,dN_HZ_Death,0,0,0,0
Sch,Sch,2043,All,PAF_Inc,0,0,-0,-0
Sch,Sch,2043,All,PAF_Mor,0,0,-0,-0
Sch,Sch,2043,All,Avt_Inc,0,0,-0,-0
Sch,Sch,2043,All,Avt_Mor,0,0,-0,-0
Sch,Sch,2044,All,dN_HZ,0,0,0,0
Sch,Sch,2044,All,dN_HZ_Death,0,0,0,0
Sch,Sch,2044,All,PAF_Inc,0,0,-0,-0
Sch,Sch,2044,All,PAF_Mor,0,0,-0,-0
Sch,Sch,2044,All,Avt_Inc,0,0,-0,-0
Sch,Sch,2044,All,Avt_Mor,0,0,-0,-0
Sch,Sch,2045,All,dN_HZ,0,0,0,0
Sch,Sch,2045,All,dN_HZ_Death,0,0,0,0
Sch,Sch,2045,All,PAF_Inc,0,0,-0,-0
Sch,Sch,2045,All,PAF_Mor,0,0,-0,-0
Sch,Sch,2045,All,Avt_Inc,0,0,-0,-0
Sch,Sch,2045,All,Avt_Mor,0,0,-0,-0
Sch,Sch,2046,All,dN_HZ,0,0,0,0
Sch,Sch,2046,All,dN_HZ_Death,0,0,0,0
Sch,Sch,2046,All,PAF_Inc,0,0,-0,-0
Sch,Sch,2046,All,PAF_Mor,0,0,-0,-0
Sch,Sch,2046,All,Avt_Inc,0,0,-0,-0
Sch,Sch,2046,All,Avt_Mor,0,0,-0,-0
Sch,Sch,2047,All,dN_HZ,0,0,0,0
Sch,Sch,2047,All,dN_HZ_Death,0,0,0,0
Sch,Sch,2047,All,PAF_Inc,0,0,-0,-0
Sch,Sch,2047,All,PAF_Mor,0,0,-0,-0
Sch,Sch,2047,All,Avt_Inc,0,0,-0,-0
Sch,Sch,2047,All,Avt_Mor,0,0,-0,-0
Sch,Sch,2048,All,dN_HZ,0,0,0,0
Sch,Sch,2048,All,dN_HZ_Death,0,0,0,0
Sch,Sch,2048,All,PAF_Inc,0,0,-0,-0
Sch,Sch,2048,All,PAF_Mor,0,0,-0,-0
Sch,Sch,2048,All,Avt_Inc,0,0,-0,-0
Sch,Sch,2048,All,Avt_Mor,0,0,-0,-0
Sch,Sch,2049,All,dN_HZ,0,0,0,0
Sch,Sch,2049,All,dN_HZ_Death,0,0,0,0
Sch,Sch,2049,All,PAF_Inc,0,0,-0,-0
Sch,Sch,2049,All,PAF_Mor,0,0,-0,-0
Sch,Sch,2049,All,Avt_Inc,0,0,-0,-0
Sch,Sch,2049,All,Avt_Mor,0,0,-0,-0
Sch,Sch,2050,All,dN_HZ,0,0,0,0
Sch,Sch,2050,All,dN_HZ_Death,0,0,0,0
Sch,Sch,2050,All,PAF_Inc,0,0,-0,-0
Sch,Sch,2050,All,PAF_Mor,0,0,-0,-0
Sch,Sch,2050,All,Avt_Inc,0,0,-0,-0
Sch,Sch,2050,All,Avt_Mor,0,0,-0,-0
Sch1d85,Sch,2013,All,dN_HZ,0,0,0,0
Sch1d85,Sch,2013,All,dN_HZ_Death,0,0,0,0
Sch1d85,Sch,2013,All,PAF_Inc,0,0,-0,-0
Sch1d85,Sch,2013,All,PAF_Mor,0,0,-0,-0
Sch1d85,Sch,2013,All,Avt_Inc,0,0,-0,-0
Sch1d85,Sch,2013,All,Avt_Mor,0,0,-0,-0
Sch1d85,Sch,2014,All,dN_HZ,0,0,0,0
Sch1d85,Sch,2014,All,dN_HZ_Death,0,0,0,0
Sch1d85,Sch,2014,All,PAF_Inc,0,0,-0,-0
Sch1d85,Sch,2014,All,PAF_Mor,0,0,-0,-0
Sch1d85,Sch,2014,All,Avt_Inc,0,0,-0,-0
Sch1d85,Sch,2014,All,Avt_Mor,0,0,-0,-0
Sch1d85,Sch,2015,All,dN_HZ,0,0,0,0
Sch1d85,Sch,2015,All,dN_HZ_Death,0,0,0,0
Sch1d85,Sch,2015,All,PAF_Inc,0,0,-0,-0
Sch1d85,Sch,2015,All,PAF_Mor,0,0,-0,-0
Sch1d85,Sch,2015,All,Avt_Inc,0,0,-0,-0
Sch1d85,Sch,2015,All,Avt_Mor,0,0,-0,-0
Sch1d85,Sch,2016,All,dN_HZ,0,0,0,0
Sch1d85,Sch,2016,All,dN_HZ_Death,0,0,0,0
Sch1d85,Sch,2016,All,PAF_Inc,0,0,-0,-0
Sch1d85,Sch,2016,All,PAF_Mor,0,0,-0,-0
Sch1d85,Sch,2016,All,Avt_Inc,0,0,-0,-0
Sch1d85,Sch,2016,All,Avt_Mor,0,0,-0,-0
Sch1d85,Sch,2017,All,dN_HZ,0,0,0,0
Sch1d85,Sch,2017,All,dN_HZ_Death,0,0,0,0
Sch1d85,Sch,2017,All,PAF_Inc,0,0,-0,-0
Sch1d85,Sch,2017,All,PAF_Mor,0,0,-0,-0
Sch1d85,Sch,2017,All,Avt_Inc,0,0,-0,-0
Sch1d85,Sch,2017,All,Avt_Mor,0,0,-0,-0
Sch1d85,Sch,2018,All,dN_HZ,0,0,0,0
Sch1d85,Sch,2018,All,dN_HZ_Death,0,0,0,0
Sch1d85,Sch,2018,All,PAF_Inc,0,0,-0,-0
Sch1d85,Sch,2018,All,PAF_Mor,0,0,-0,-0
Sch1d85,Sch,2018,All,Avt_Inc,0,0,-0,-0
Sch1d85,Sch,2018,All,Avt_Mor,0,0,-0,-0
Sch1d85,Sch,2019,All,dN_HZ,0,0,0,0
Sch1d85,Sch,2019,All,dN_HZ_Death,0,0,0,0
Sch1d85,Sch,2019,All,PAF_Inc,0,0,-0,-0
Sch1d85,Sch,2019,All,PAF_Mor,0,0,-0,-0
Sch1d85,Sch,2019,All,Avt_Inc,0,0,-0,-0
Sch1d85,Sch,2019,All,Avt_Mor,0,0,-0,-0
Sch1d85,Sch,2020,All,dN_HZ,0,0,0,0
Sch1d85,Sch,2020,All,dN_HZ_Death,0,0,0,0
Sch1d85,Sch,2020,All,PAF_Inc,0,0,-0,-0
Sch1d85,Sch,2020,All,PAF_Mor,0,0,-0,-0
Sch1d85,Sch,2020,All,Avt_Inc,0,0,-0,-0
Sch1d85,Sch,2020,All,Avt_Mor,0,0,-0,-0
Sch1d85,Sch,2021,All,dN_HZ,0,0,0,0
Sch1d85,Sch,2021,All,dN_HZ_Death,0,0,0,0
Sch1d85,Sch,2021,All,PAF_Inc,0,0,-0,-0
Sch1d85,Sch,2021,All,PAF_Mor,0,0,-0,-0
Sch1d85,Sch,2021,All,Avt_Inc,0,0,-0,-0
Sch1d85,Sch,2021,All,Avt_Mor,0,0,-0,-0
Sch1d85,Sch,2022,All,dN_HZ,0,0,0,0
Sch1d85,Sch,2022,All,dN_HZ_Death,0,0,0,0
Sch1d85,Sch,2022,All,PAF_Inc,0,0,-0,-0
Sch1d85,Sch,2022,All,PAF_Mor,0,0,-0,-0
Sch1d85,Sch,2022,All,Avt_Inc,0,0,-0,-0
Sch1d85,Sch,2022,All,Avt_Mor,0,0,-0,-0
Sch1d85,Sch,2023,All,dN_HZ,-2177.3635710912354,-2197.5610649398513,-2505.5185038539985,-1744.1198218600991
Sch1d85,Sch,2023,All,dN_HZ_Death,-0.020785896836205665,-0.02081023894723502,-0.025054406430847276,-0.016358335026417144
Sch1d85,Sch,2023,All,PAF_Inc,0.022749731484192733,0.022993050152635267,0.018253741554390298,0.025962202715053184
Sch1d85,Sch,2023,All,PAF_Mor,0.05416891174023975,0.054476753238812105,0.04450000086542602,0.062061046675000175
Sch1d85,Sch,2023,All,Avt_Inc,0.0021831914580737097,0.0022028927812578897,0.0017524229188627316,0.002498383603210931
Sch1d85,Sch,2023,All,Avt_Mor,0.004933372833035305,0.004956261005814272,0.004016315989833697,0.005718757352794125
Sch1d85,Sch,2024,All,dN_HZ,-4072.9554727349223,-4109.079614266673,-4673.837742395422,-3302.1944081421234
Sch1d85,Sch,2024,All,dN_HZ_Death,-0.040903595048566894,-0.04083622828307534,-0.04929772836702219,-0.032429511158451454
Sch1d85,Sch,2024,All,PAF_Inc,0.04512548260719966,0.045526004662385905,0.03667020961050988,0.05156268813926819
Sch1d85,Sch,2024,All,PAF_Mor,0.10629491104179764,0.106869790874552,0.08861307065680483,0.12056042634126617
Sch1d85,Sch,2024,All,Avt_Inc,0.005746880623417491,0.005801513335638593,0.004649714177659194,0.006559967702757545
Sch1d85,Sch,2024,All,Avt_Mor,0.01341443442369281,0.013447238361487118,0.011012478456008638,0.015467672105507379
Sch1d85,Sch,2025,All,dN_HZ,-5671.681669253632,-5701.346445027135,-6513.219165686663,-4618.074790124992
Sch1d85,Sch,2025,All,dN_HZ_Death,-0.06076760608751275,-0.06063416576061101,-0.07328411634564054,-0.04865702488448195
Sch1d85,Sch,2025,All,PAF_Inc,0.06742170555402588,0.06782638241550215,0.05490127043608311,0.0772412080220389
Sch1d85,Sch,2025,All,PAF_Mor,0.15760236717164391,0.15822354477099906,0.1329931865917277,0.17747270063266773
Sch1d85,Sch,2025,All,Avt_Inc,0.010174643926092677,0.010260016634155412,0.008312135246201351,0.011629158483388479
Sch1d85,Sch,2025,All,Avt_Mor,0.02456517230936938,0.024622829148670006,0.020361460388952583,0.02833962523063787
Sch1d85,Sch,2026,All,dN_HZ,-7051.643051702885,-7072.528789625794,-8132.518568142762,-5778.002140060768
Sch1d85,Sch,2026,All,dN_HZ_Death,-0.08110174368791231,-0.08103667571201226,-0.09804076112471095,-0.06496903782035998
Sch1d85,Sch,2026,All,PAF_Inc,0.09124312119833533,0.09167247488504401,0.07408061884432464,0.10536413137950747
Sch1d85,Sch,2026,All,PAF_Mor,0.2102965102346747,0.21117280969027685,0.17852022621444075,0.2368561031455318
Sch1d85,Sch,2026,All,Avt_Inc,0.015190639270397916,0.015285804245343985,0.012467304093086577,0.017385730242893783
Sch1d85,Sch,2026,All,Avt_Mor,0.03789696473378285,0.0380064149101986,0.031638146075814284,0.043456444131974206
Sch1d85,Sch,2027,All,dN_HZ,-8523.042665116958,-8558.492202640231,-9909.699662912046,-6964.260853697501
Sch1d85,Sch,2027,All,dN_HZ_Death,-0.10374756813383444,-0.10358391514740262,-0.12623638126818335,-0.0824612045855741
Sch1d85,Sch,2027,All,PAF_Inc,0.12211671313305733,0.12277931422353774,0.09814997357637546,0.14231726958099625
Sch1d85,Sch,2027,All,PAF_Mor,0.2696214940032493,0.2707978448889061,0.22997965163801695,0.30325728171003197
Sch1d85,Sch,2027,All,Avt_Inc,0.020848978792865697,0.020940708770876604,0.01713614915098941,0.023943918667369408
Sch1d85,Sch,2027,All,Avt_Mor,0.053380322922487275,0.053516889027044046,0.044775543203405155,0.06103244911901845
Sch1d85,Sch,2028,All,dN_HZ,-9736.49081307186,-9767.651233424174,-11358.278635222632,-7979.201718383331
Sch1d85,Sch,2028,All,dN_HZ_Death,-0.12725527554453805,-0.12702492044927463,-0.15558844378607847,-0.10048968081999136
Sch1d85,Sch,2028,All,PAF_Inc,0.15400024661602132,0.15457927724312825,0.12259394987411101,0.18145752066651988
Sch1d85,Sch,2028,All,PAF_Mor,0.3310210995551342,0.33225800937171956,0.28228008544737243,0.37288296676119265
Sch1d85,Sch,2028,All,Avt_Inc,0.026939473793073408,0.027032930752928223,0.022167899967015035,0.031049853521190145
Sch1d85,Sch,2028,All,Avt_Mor,0.07075037451679653,0.07087474758182574,0.059457598757866846,0.08070925157844366
Sch1d85,Sch,2029,All,dN_HZ,-10699.25596098768,-10725.404765340012,-12555.454399465223,-8699.972393421867
Sch1d85,Sch,2029,All,dN_HZ_Death,-0.1502103260602186,-0.1498672062112336,-0.18442474372308937,-0.11796387486304352
Sch1d85,Sch,2029,All,PAF_Inc,0.18210361581335668,0.1829937211587106,0.14318867108966885,0.2169887079392043
Sch1d85,Sch,2029,All,PAF_Mor,0.3908558743401926,0.39230040721622905,0.3308122320305759,0.44261155692451937
Sch1d85,Sch,2029,All,Avt_Inc,0.03326563207156824,0.03342915422488163,0.027320805275275476,0.03838865955910851
Sch1d85,Sch,2029,All,Avt_Mor,0.08958797598004366,0.08980502058937226,0.07552789533001737,0.10213425602412445
Sch1d85,Sch,2030,All,dN_HZ,-11426.76336291967,-11450.654923541308,-13496.089553219097,-9254.175620369067
Sch1d85,Sch,2030,All,dN_HZ_Death,-0.17159770954171139,-0.17085752522255432,-0.21162805479839228,-0.13342549819598776
Sch1d85,Sch,2030,All,PAF_Inc,0.20945854801381514,0.20987960080664253,0.16312216671434349,0.2541999135700368
Sch1d85,Sch,2030,All,PAF_Mor,0.4476992551530965,0.4496747956409587,0.37387401220936767,0.5109987968138491
Sch1d85,Sch,2030,All,Avt_Inc,0.03969163532041243,0.03988061579313578,0.03253872974222495,0.04600331082837308
Sch1d85,Sch,2030,All,Avt_Mor,0.10943644483319313,0.10977418678255385,0.09212377242154636,0.12463146711070609
Sch1d85,Sch,2031,All,dN_HZ,-11913.400014285859,-11923.723224797075,-14113.461246803277,-9629.55577114315
Sch1d85,Sch,2031,All,dN_HZ_Death,-0.19060217853727243,-0.18980900381396307,-0.23686914299696069,-0.1481249888533685
Sch1d85,Sch,2031,All,PAF_Inc,0.2354116965258927,0.23552193585396858,0.17902264828013126,0.29143408058733106
Sch1d85,Sch,2031,All,PAF_Mor,0.4997247735322724,0.5021748283555478,0.41108205555612715,0.5747858516970329
Sch1d85,Sch,2031,All,Avt_Inc,0.04609563006698082,0.04626012187936053,0.03763479921786263,0.05364622681150331
Sch1d85,Sch,2031,All,Avt_Mor,0.12983292555328899,0.13023433812987356,0.10871153672794587,0.1479318169721914
Sch1d85,Sch,2032,All,dN_HZ,-12145.485291081897,-12144.345376920504,-14435.016167280399,-9738.8164748229
Sch1d85,Sch,2032,All,dN_HZ_Death,-0.20609549195334737,-0.20533334581997673,-0.25770531117595913,-0.15862388722747686
Sch1d85,Sch,2032,All,PAF_Inc,0.2590187772207046,0.25879848039348174,0.19065188162091448,0.32668198044246416
Sch1d85,Sch,2032,All,PAF_Mor,0.5453979922814857,0.5482463684245098,0.4422742052090813,0.6313241029160953
Sch1d85,Sch,2032,All,Avt_Inc,0.052359518051063196,0.052559488689539816,0.0425843265059314,0.06125038965712351
Sch1d85,Sch,2032,All,Avt_Mor,0.15028532946050882,0.15070365652470602,0.12582245190031582,0.17137546831328762
Sch1d85,Sch,2033,All,dN_HZ,-11624.697437577594,-11638.216494627126,-13912.53155335553,-9209.57839578388
Sch1d85,Sch,2033,All,dN_HZ_Death,-0.21355864769383154,-0.213088938780243,-0.2682409463562354,-0.1627846491303724
Sch1d85,Sch,2033,All,PAF_Inc,0.2680450299994241,0.2674190446416507,0.1904662095784527,0.34778393651647266
Sch1d85,Sch,2033,All,PAF_Mor,0.574736826346476,0.578273170259432,0.4579483751866557,0.6725276657907279
Sch1d85,Sch,2033,All,Avt_Inc,0.058070454016802255,0.058242672461200434,0.04694598900454497,0.06812420187684902
Sch1d85,Sch,2033,All,Avt_Mor,0.16987326321521082,0.17041983311790337,0.14246694736398283,0.1936496511219354
Sch1d85,Sch,2034,All,dN_HZ,-10947.21061753262,-10946.447293740397,-13170.289346611808,-8517.520699538556
Sch1d85,Sch,2034,All,dN_HZ_Death,-0.21572603927894876,-0.21551067131617074,-0.27227933945078836,-0.1636165462935603
Sch1d85,Sch,2034,All,PAF_Inc,0.2734092115587786,0.27261607971801827,0.1890944054611995,0.36581012728423173
Sch1d85,Sch,2034,All,PAF_Mor,0.5957329438743839,0.5998158556464329,0.46471884930765234,0.7061389007252529
Sch1d85,Sch,2034,All,Avt_Inc,0.06320614644506556,0.06340532698777865,0.05075972090825571,0.0745515468078529
Sch1d85,Sch,2034,All,Avt_Mor,0.18819618499319687,0.1888382504282174,0.15778646358185006,0.21470530244243344
Sch1d85,Sch,2035,All,dN_HZ,-10160.765988646905,-10172.308516792988,-12358.458466180882,-7776.111923995557
Sch1d85,Sch,2035,All,dN_HZ_Death,-0.21306217183662154,-0.21271650046345247,-0.2700622052424208,-0.1606286672570576
Sch1d85,Sch,2035,All,PAF_Inc,0.2753813551860553,0.27405720308863935,0.18094356981422594,0.38039164250768354
Sch1d85,Sch,2035,All,PAF_Mor,0.6093569680623668,0.6135834793811608,0.4627257061942904,0.73159480252773
Sch1d85,Sch,2035,All,Avt_Inc,0.06776545373367049,0.06797163252850692,0.05436086783461455,0.08014233378029822
Sch1d85,Sch,2035,All,Avt_Mor,0.20498852529848957,0.2057519357389977,0.17088089746642118,0.23438108565942606
Sch1d85,Sch,2036,All,dN_HZ,-9322.686408812922,-9330.451379069305,-11479.683355204372,-7054.901961014426
Sch1d85,Sch,2036,All,dN_HZ_Death,-0.20602275052456245,-0.20554859751078972,-0.26201212398899787,-0.15461369685247575
Sch1d85,Sch,2036,All,PAF_Inc,0.27467312562961066,0.27205428380506513,0.17319284788590886,0.39008351561545673
Sch1d85,Sch,2036,All,PAF_Mor,0.6162930750733557,0.6212435873014869,0.45422554586878405,0.7508537355550224
Sch1d85,Sch,2036,All,Avt_Inc,0.0717718820755122,0.07196740595421605,0.05725996419419242,0.08527953439037499
Sch1d85,Sch,2036,All,Avt_Mor,0.2200834778545764,0.22091112562642684,0.1823782919371533,0.25245183889241235
Sch1d85,Sch,2037,All,dN_HZ,-8476.658219869314,-8478.551405707974,-10550.499907731579,-6355.678374805897
Sch1d85,Sch,2037,All,dN_HZ_Death,-0.19409341577845396,-0.19396931694137012,-0.24700331660680752,-0.1457885700038298
Sch1d85,Sch,2037,All,PAF_Inc,0.2719310078347191,0.26872362900030733,0.16490480533004687,0.39833773056843746
Sch1d85,Sch,2037,All,PAF_Mor,0.6168457344235302,0.6217326494200359,0.4421501282412631,0.7648669144564889
Sch1d85,Sch,2037,All,Avt_Inc,0.07526442346928017,0.07546013431630014,0.059825518931354946,0.08982990900728836
Sch1d85,Sch,2037,All,Avt_Mor,0.23332088767646372,0.2341958840369821,0.19247096941727615,0.2685523065466996
Sch1d85,Sch,2038,All,dN_HZ,-7873.591283120374,-7876.311242709435,-9835.808196851523,-5893.353175358258
Sch1d85,Sch,2038,All,dN_HZ_Death,-0.17958948269306474,-0.17958983599563996,-0.22816205949555646,-0.13510389791509542
Sch1d85,Sch,2038,All,PAF_Inc,0.27486499508335516,0.2708722038423289,0.16296833404158484,0.4123928923911275
Sch1d85,Sch,2038,All,PAF_Mor,0.6146124594857905,0.620059773126463,0.42522541011705395,0.7758887798077473
Sch1d85,Sch,2038,All,Avt_Inc,0.07840982206442212,0.07857504153025907,0.06197747233569654,0.09408955283526634
Sch1d85,Sch,2038,All,Avt_Mor,0.2447653556271628,0.2455260290130194,0.20058953249796965,0.28232482748827314
Sch1d85,Sch,2039,All,dN_HZ,-7023.576446422373,-7021.970064566876,-8829.022334640154,-5215.256193578833
Sch1d85,Sch,2039,All,dN_HZ_Death,-0.16174622138474123,-0.1617202882071902,-0.2051605675307261,-0.1216894642916038
Sch1d85,Sch,2039,All,PAF_Inc,0.26777144208905473,0.2631343627841341,0.15176190570683282,0.4136242975097365
Sch1d85,Sch,2039,All,PAF_Mor,0.6043831589723474,0.6090360631142764,0.4004168387309373,0.780073861755101
Sch1d85,Sch,2039,All,Avt_Inc,0.08109737853378976,0.08128767604927523,0.063701343797479,0.09801631817672458
Sch1d85,Sch,2039,All,Avt_Mor,0.2543676566914363,0.2552316580814778,0.2074026324455062,0.2940799123514261
Sch1d85,Sch,2040,All,dN_HZ,-6226.522058918833,-6230.709489358031,-7872.177970444515,-4583.729978570116
Sch1d85,Sch,2040,All,dN_HZ_Death,-0.14242690972439478,-0.14244286336283374,-0.1802031167649913,-0.10772067282113662
Sch1d85,Sch,2040,All,PAF_Inc,0.2600275444916024,0.2541114489244668,0.14176095135347272,0.41312730605977205
Sch1d85,Sch,2040,All,PAF_Mor,0.589035352763923,0.5933477298241012,0.3745922805513248,0.7792845994974475
Sch1d85,Sch,2040,All,Avt_Inc,0.08337973152827378,0.08353622254838441,0.06521497755905388,0.10103308925772975
Sch1d85,Sch,2040,All,Avt_Mor,0.26222555081844023,0.2634076302991205,0.21207721315607983,0.304135730558236
Sch1d85,Sch,2041,All,dN_HZ,-5496.9823561736575,-5502.633576615695,-6968.95854248917,-4024.413030001276
Sch1d85,Sch,2041,All,dN_HZ_Death,-0.12259899218817692,-0.12256682686518328,-0.15371854396328405,-0.0936287935921018
Sch1d85,Sch,2041,All,PAF_Inc,0.2521584736415446,0.2446828657381469,0.13192971683665927,0.41123575186698647
Sch1d85,Sch,2041,All,PAF_Mor,0.5686124236523213,0.5711665713084522,0.34386319136264165,0.775706942301482
Sch1d85,Sch,2041,All,Avt_Inc,0.08531063346348496,0.08547994912972821,0.06616910135370989,0.10397827059080766
Sch1d85,Sch,2041,All,Avt_Mor,0.2684748572802042,0.269849983590109,0.21538660880837762,0.3120854445537069
Sch1d85,Sch,2042,All,dN_HZ,-4839.3565099794505,-4844.974770442304,-6140.5613405085305,-3547.898426135667
Sch1d85,Sch,2042,All,dN_HZ_Death,-0.10294586682032922,-0.10303252636111138,-0.12794492114684144,-0.07933227380822747
Sch1d85,Sch,2042,All,PAF_Inc,0.2445831158756315,0.23562840609186653,0.12436065234270176,0.4103341454523422
Sch1d85,Sch,2042,All,PAF_Mor,0.5432377419972898,0.5429233536956173,0.3102195253362602,0.7679411177222408
Sch1d85,Sch,2042,All,Avt_Inc,0.08694104754953952,0.08705147959313492,0.0672222544710434,0.10645421001796548
Sch1d85,Sch,2042,All,Avt_Mor,0.27326930712978226,0.2747709471751712,0.21802036622692028,0.3183190697785351
Sch1d85,Sch,2043,All,dN_HZ,-4237.788071742597,-4235.969776813646,-5371.583038014053,-3119.5720175952456
Sch1d85,Sch,2043,All,dN_HZ_Death,-0.08555936864490857,-0.08552892690384878,-0.10523831996090048,-0.06724895927697774
Sch1d85,Sch,2043,All,PAF_Inc,0.23668650861859133,0.22650908684083634,0.11741281913831722,0.40736296779984627
Sch1d85,Sch,2043,All,PAF_Mor,0.513789932317948,0.5097644377527442,0.2781238965259041,0.7558768126183134
Sch1d85,Sch,2043,All,Avt_Inc,0.08830918390526295,0.08838834548670063,0.06820530344218696,0.10831835251238464
Sch1d85,Sch,2043,All,Avt_Mor,0.2768477996043013,0.2785269146050048,0.21978316160637495,0.3234629396321782
Sch1d85,Sch,2044,All,dN_HZ,-3575.7767846405077,-3575.897072645983,-4543.943113054531,-2601.628360852658
Sch1d85,Sch,2044,All,dN_HZ_Death,-0.07048889347980251,-0.07043323950819763,-0.08564787243366556,-0.056297125812000075
Sch1d85,Sch,2044,All,PAF_Inc,0.2221813893399237,0.21055411413818886,0.10650063076161202,0.39299612241827336
Sch1d85,Sch,2044,All,PAF_Mor,0.48113454742313505,0.4734158567747331,0.24533997426719925,0.7384117494728722
Sch1d85,Sch,2044,All,Avt_Inc,0.08939188576697528,0.08943609104011047,0.0688439609930691,0.11007266490233568
Sch1d85,Sch,2044,All,Avt_Mor,0.279422608141371,0.2814460675382829,0.22083083339158038,0.327265909742344
Sch1d85,Sch,2045,All,dN_HZ,-2987.0132926206384,-2986.171491306679,-3811.6720879360137,-2164.201837951856
Sch1d85,Sch,2045,All,dN_HZ_Death,-0.05787582664350863,-0.05771767879373298,-0.07010615469352749,-0.04671371183613525
Sch1d85,Sch,2045,All,PAF_Inc,0.20771170958196777,0.19548737492920165,0.09581243373281499,0.37792798580843473
Sch1d85,Sch,2045,All,PAF_Mor,0.44728973837004427,0.43570718832796107,0.21684292587083787,0.716500463082112
Sch1d85,Sch,2045,All,Avt_Inc,0.09023296436701131,0.09023772692880794,0.06917235408582674,0.11171991955278474
Sch1d85,Sch,2045,All,Avt_Mor,0.28119595554454213,0.2834416546900067,0.2208757112270279,0.3301893303986384
Sch1d85,Sch,2046,All,dN_HZ,-2467.305673164003,-2468.6896580034963,-3156.101271289972,-1765.4596415502738
Sch1d85,Sch,2046,All,dN_HZ_Death,-0.047350632094345785,-0.047218065592111766,-0.057355833432140776,-0.038437276202482544
Sch1d85,Sch,2046,All,PAF_Inc,0.19329343782408945,0.18044593575722084,0.08614655775417444,0.3617646545581861
Sch1d85,Sch,2046,All,PAF_Mor,0.41270045056927734,0.39763953571288707,0.18899263153565274,0.6924360786569469
Sch1d85,Sch,2046,All,Avt_Inc,0.09087128861990408,0.09080138668801056,0.06938650896395884,0.1128991392651159
Sch1d85,Sch,2046,All,Avt_Mor,0.2823305355208678,0.2846438676152403,0.22067970050927818,0.3322182562512012
Sch1d85,Sch,2047,All,dN_HZ,-2002.016462110752,-2001.6940453928673,-2580.3370698256294,-1425.3037290242792
Sch1d85,Sch,2047,All,dN_HZ_Death,-0.03821731985329778,-0.038083934552571086,-0.046809845314456526,-0.030705994764222335
Sch1d85,Sch,2047,All,PAF_Inc,0.17841388137565356,0.16488659206741552,0.0772212407013584,0.34499989841283274
Sch1d85,Sch,2047,All,PAF_Mor,0.3766097987277949,0.3576211994885762,0.16579291231721544,0.6639126723677334
Sch1d85,Sch,2047,All,Avt_Inc,0.09133719319666588,0.09119707720839165,0.06944053679194818,0.11379480377992185
Sch1d85,Sch,2047,All,Avt_Mor,0.28294196639393326,0.2852527268445759,0.2200326872731064,0.33369568864040505
Sch1d85,Sch,2048,All,dN_HZ,-1604.6487914714776,-1603.8745539605352,-2077.7630353628792,-1128.0112194805201
Sch1d85,Sch,2048,All,dN_HZ_Death,-0.030330261864517927,-0.030288065278543184,-0.03769492098539345,-0.023732903104656995
Sch1d85,Sch,2048,All,PAF_Inc,0.1636228462071518,0.14957892856590743,0.06846229028380918,0.32638519649487296
Sch1d85,Sch,2048,All,PAF_Mor,0.33804987053647856,0.31531850217592616,0.14192085920257025,0.6260508334607532
Sch1d85,Sch,2048,All,Avt_Inc,0.09166351081761322,0.09152081094693011,0.06941794305392777,0.1144834002513083
Sch1d85,Sch,2048,All,Avt_Mor,0.28312160958564236,0.28546503652856325,0.21909201191271083,0.33470568342868956
Sch1d85,Sch,2049,All,dN_HZ,-1276.0111283447268,-1274.5829868521596,-1662.4942783106958,-888.5408905078684
Sch1d85,Sch,2049,All,dN_HZ_Death,-0.024063780873524496,-0.02405364900273143,-0.030666952377874306,-0.018146246522258155
Sch1d85,Sch,2049,All,PAF_Inc,0.15000063641931832,0.13591340385276646,0.06114756379411007,0.3089310403840024
Sch1d85,Sch,2049,All,PAF_Mor,0.3024700837029161,0.27772669816527784,0.12359640417243054,0.5870414943103762
Sch1d85,Sch,2049,All,Avt_Inc,0.09188288838708218,0.09173362065765849,0.06952415078827345,0.11500403076983151
Sch1d85,Sch,2049,All,Avt_Mor,0.2829928112856539,0.2854085718507177,0.2179352537511868,0.33545422884460935
Sch1d85,Sch,2050,All,dN_HZ,-1004.5293944556784,-1005.799163340645,-1318.1002684371038,-693.6656824437758
Sch1d85,Sch,2050,All,dN_HZ_Death,-0.01901728337487313,-0.019061589041192865,-0.024630105034361943,-0.013507261638582645
Sch1d85,Sch,2050,All,PAF_Inc,0.13738138156993526,0.122987698339227,0.053953739174837825,0.2905656275212979
Sch1d85,Sch,2050,All,PAF_Mor,0.2702319058220733,0.24474618792239589,0.10693444442514224,0.5436845971223281
Sch1d85,Sch,2050,All,Avt_Inc,0.09202132522314657,0.09187102240765418,0.06940970777566426,0.11535258530801437
Sch1d85,Sch,2050,All,Avt_Mor,0.28265463396170765,0.28516292822875366,0.21653447060127903,0.33602442028494905
Sch1d95,Sch,2013,All,dN_HZ,0,0,0,0
Sch1d95,Sch,2013,All,dN_HZ_Death,0,0,0,0
Sch1d95,Sch,2013,All,PAF_Inc,0,0,-0,-0
Sch1d95,Sch,2013,All,PAF_Mor,0,0,-0,-0
Sch1d95,Sch,2013,All,Avt_Inc,0,0,-0,-0
Sch1d95,Sch,2013,All,Avt_Mor,0,0,-0,-0
Sch1d95,Sch,2014,All,dN_HZ,0,0,0,0
Sch1d95,Sch,2014,All,dN_HZ_Death,0,0,0,0
Sch1d95,Sch,2014,All,PAF_Inc,0,0,-0,-0
Sch1d95,Sch,2014,All,PAF_Mor,0,0,-0,-0
Sch1d95,Sch,2014,All,Avt_Inc,0,0,-0,-0
Sch1d95,Sch,2014,All,Avt_Mor,0,0,-0,-0
Sch1d95,Sch,2015,All,dN_HZ,0,0,0,0
Sch1d95,Sch,2015,All,dN_HZ_Death,0,0,0,0
Sch1d95,Sch,2015,All,PAF_Inc,0,0,-0,-0
Sch1d95,Sch,2015,All,PAF_Mor,0,0,-0,-0
Sch1d95,Sch,2015,All,Avt_Inc,0,0,-0,-0
Sch1d95,Sch,2015,All,Avt_Mor,0,0,-0,-0
Sch1d95,Sch,2016,All,dN_HZ,0,0,0,0
Sch1d95,Sch,2016,All,dN_HZ_Death,0,0,0,0
Sch1d95,Sch,2016,All,PAF_Inc,0,0,-0,-0
Sch1d95,Sch,2016,All,PAF_Mor,0,0,-0,-0
Sch1d95,Sch,2016,All,Avt_Inc,0,0,-0,-0
Sch1d95,Sch,2016,All,Avt_Mor,0,0,-0,-0
Sch1d95,Sch,2017,All,dN_HZ,0,0,0,0
Sch1d95,Sch,2017,All,dN_HZ_Death,0,0,0,0
Sch1d95,Sch,2017,All,PAF_Inc,0,0,-0,-0
Sch1d95,Sch,2017,All,PAF_Mor,0,0,-0,-0
Sch1d95,Sch,2017,All,Avt_Inc,0,0,-0,-0
Sch1d95,Sch,2017,All,Avt_Mor,0,0,-0,-0
Sch1d95,Sch,2018,All,dN_HZ,0,0,0,0
Sch1d95,Sch,2018,All,dN_HZ_Death,0,0,0,0
Sch1d95,Sch,2018,All,PAF_Inc,0,0,-0,-0
Sch1d95,Sch,2018,All,PAF_Mor,0,0,-0,-0
Sch1d95,Sch,2018,All,Avt_Inc,0,0,-0,-0
Sch1d95,Sch,2018,All,Avt_Mor,0,0,-0,-0
Sch1d95,Sch,2019,All,dN_HZ,0,0,0,0
Sch1d95,Sch,2019,All,dN_HZ_Death,0,0,0,0
Sch1d95,Sch,2019,All,PAF_Inc,0,0,-0,-0
Sch1d95,Sch,2019,All,PAF_Mor,0,0,-0,-0
Sch1d95,Sch,2019,All,Avt_Inc,0,0,-0,-0
Sch1d95,Sch,2019,All,Avt_Mor,0,0,-0,-0
Sch1d95,Sch,2020,All,dN_HZ,0,0,0,0
Sch1d95,Sch,2020,All,dN_HZ_Death,0,0,0,0
Sch1d95,Sch,2020,All,PAF_Inc,0,0,-0,-0
Sch1d95,Sch,2020,All,PAF_Mor,0,0,-0,-0
Sch1d95,Sch,2020,All,Avt_Inc,0,0,-0,-0
Sch1d95,Sch,2020,All,Avt_Mor,0,0,-0,-0
Sch1d95,Sch,2021,All,dN_HZ,0,0,0,0
Sch1d95,Sch,2021,All,dN_HZ_Death,0,0,0,0
Sch1d95,Sch,2021,All,PAF_Inc,0,0,-0,-0
Sch1d95,Sch,2021,All,PAF_Mor,0,0,-0,-0
Sch1d95,Sch,2021,All,Avt_Inc,0,0,-0,-0
Sch1d95,Sch,2021,All,Avt_Mor,0,0,-0,-0
Sch1d95,Sch,2022,All,dN_HZ,0,0,0,0
Sch1d95,Sch,2022,All,dN_HZ_Death,0,0,0,0
Sch1d95,Sch,2022,All,PAF_Inc,0,0,-0,-0
Sch1d95,Sch,2022,All,PAF_Mor,0,0,-0,-0
Sch1d95,Sch,2022,All,Avt_Inc,0,0,-0,-0
Sch1d95,Sch,2022,All,Avt_Mor,0,0,-0,-0
Sch1d95,Sch,2023,All,dN_HZ,-3636.820689709255,-3660.409689930326,-4109.915184231807,-3020.46363323651
Sch1d95,Sch,2023,All,dN_HZ_Death,-0.07228656596126348,-0.07224495936611744,-0.08667205225315912,-0.0581465290636553
Sch1d95,Sch,2023,All,PAF_Inc,0.03800247229708434,0.038283839124670704,0.03159045556759636,0.04281296622619177
Sch1d95,Sch,2023,All,PAF_Mor,0.188288896841985,0.1894023565707538,0.1615186937350507,0.2098012584366354
Sch1d95,Sch,2023,All,Avt_Inc,0.0036467783204708233,0.003673014571787385,0.0030226611918960458,0.004101362098960596
Sch1d95,Sch,2023,All,Avt_Mor,0.017140478736450825,0.017211767296322775,0.014690006888482932,0.019149202386748502
Sch1d95,Sch,2024,All,dN_HZ,-6574.766562465706,-6620.395827472661,-7449.729244410075,-5476.705426743486
Sch1d95,Sch,2024,All,dN_HZ_Death,-0.12714389620879865,-0.12689811814890473,-0.15247744413934947,-0.10323127936629449
Sch1d95,Sch,2024,All,PAF_Inc,0.07285137355336822,0.07344036534646647,0.06058301313987752,0.08208302367939985
Sch1d95,Sch,2024,All,PAF_Mor,0.3303056608382264,0.3319280288902515,0.28637017974234014,0.3649442082139338
Sch1d95,Sch,2024,All,Avt_Inc,0.009389691995419891,0.009461431041323281,0.007822909072988224,0.01059512937984921
Sch1d95,Sch,2024,All,Avt_Mor,0.04333075577318011,0.043536543017910274,0.03730713580298764,0.048333342007487054
Sch1d95,Sch,2025,All,dN_HZ,-8872.116295527621,-8909.237909410986,-10090.349565342154,-7422.824789274112
Sch1d95,Sch,2025,All,dN_HZ_Death,-0.16882370351715845,-0.16831389837966412,-0.20256068488305887,-0.1375365134607219
Sch1d95,Sch,2025,All,PAF_Inc,0.10547708557048108,0.10620167092534531,0.08767940313627337,0.11954329440410322
Sch1d95,Sch,2025,All,PAF_Mor,0.4377804061311792,0.43983193253964403,0.3835808182221076,0.48180367867626755
Sch1d95,Sch,2025,All,Avt_Inc,0.016287749000235895,0.016397340958721193,0.0136345780242906,0.018425905838601774
Sch1d95,Sch,2025,All,Avt_Mor,0.07382085148993905,0.0741534758373805,0.06369264428133166,0.08209973632601751
Sch1d95,Sch,2026,All,dN_HZ,-10668.666943882818,-10714.999554010457,-12177.309112557135,-8931.949407346543
Sch1d95,Sch,2026,All,dN_HZ_Death,-0.20088817182766014,-0.2004017923538775,-0.2428878256938097,-0.16382419486704988
Sch1d95,Sch,2026,All,PAF_Inc,0.1380570277044808,0.1389725042150575,0.11374266825436036,0.15748940957120067
Sch1d95,Sch,2026,All,PAF_Mor,0.5208671799169606,0.5231823544248875,0.4567522464288594,0.5727780815270399
Sch1d95,Sch,2026,All,Avt_Inc,0.023821810603533437,0.023949399500182482,0.01995256360323014,0.026938810935695817
Sch1d95,Sch,2026,All,Avt_Mor,0.10589590402501955,0.10624914831094881,0.09180521059589132,0.11764164399237295
Sch1d95,Sch,2027,All,dN_HZ,-12348.46764134575,-12397.067090046574,-14164.134343054353,-10267.734325999792
Sch1d95,Sch,2027,All,dN_HZ_Death,-0.22748084110563782,-0.22709886000258311,-0.27578062185036706,-0.18446173662440807
Sch1d95,Sch,2027,All,PAF_Inc,0.17694024505559727,0.1779639969521639,0.14466183667256252,0.20413287565460003
Sch1d95,Sch,2027,All,PAF_Mor,0.5911616288123278,0.5932536230091032,0.519884922541606,0.6495649510049729
Sch1d95,Sch,2027,All,Avt_Inc,0.0319243445013548,0.032121465052647576,0.026690171500358014,0.03624976564737547
Sch1d95,Sch,2027,All,Avt_Mor,0.138308515595039,0.13869713173144327,0.12041684418679653,0.15340120448527753
Sch1d95,Sch,2028,All,dN_HZ,-13570.106466827363,-13618.910987201849,-15667.160881457092,-11278.563312250624
Sch1d95,Sch,2028,All,dN_HZ_Death,-0.24801618247338789,-0.24733132842586433,-0.3009857236519202,-0.19943572753929373
Sch1d95,Sch,2028,All,PAF_Inc,0.21465063877654952,0.21581670885318863,0.17272401321754424,0.25115286433863737
Sch1d95,Sch,2028,All,PAF_Mor,0.6451483277203349,0.6476425476679291,0.5640917524267596,0.7104777510710976
Sch1d95,Sch,2028,All,Avt_Inc,0.040282203143013263,0.0405053498052138,0.033574823500573295,0.04583648385798139
Sch1d95,Sch,2028,All,Avt_Mor,0.17000851572054487,0.1704437879094272,0.14828419794075304,0.18866367450815372
Sch1d95,Sch,2029,All,dN_HZ,-14406.208825834667,-14436.392196105022,-16736.85439127801,-11839.837231428217
Sch1d95,Sch,2029,All,dN_HZ_Death,-0.26341771224312394,-0.26258681056012,-0.31994206687690796,-0.21063795228007084
Sch1d95,Sch,2029,All,PAF_Inc,0.2452119175745115,0.2463961279671898,0.19502513499714372,0.2907199543705809
Sch1d95,Sch,2029,All,PAF_Mor,0.6854287053607123,0.6890284758057651,0.5952570009199467,0.7582688393801474
Sch1d95,Sch,2029,All,Avt_Inc,0.04863702457721509,0.04884089208071703,0.04052334679177775,0.0555447288778899
Sch1d95,Sch,2029,All,Avt_Mor,0.20033311716405375,0.20092664539224858,0.17552960411057184,0.22211638315980403
Sch1d95,Sch,2030,All,dN_HZ,-14923.974222581555,-14945.52950727359,-17451.485609785672,-12169.213088571025
Sch1d95,Sch,2030,All,dN_HZ_Death,-0.2746635726703621,-0.27367373076911805,-0.33559925089186143,-0.21814697391056098
Sch1d95,Sch,2030,All,PAF_Inc,0.2735772196820483,0.27442558297019104,0.21420132461710778,0.33124373609183183
Sch1d95,Sch,2030,All,PAF_Mor,0.7165768607270225,0.7208476448247294,0.6166761345118864,0.7961725482121257
Sch1d95,Sch,2030,All,Avt_Inc,0.05684054772204476,0.057046391078505884,0.047150380308732094,0.06523691447718513
Sch1d95,Sch,2030,All,Avt_Mor,0.22894168681776764,0.22971376184159223,0.20049266649921932,0.25377201736246596
Sch1d95,Sch,2031,All,dN_HZ,-15160.131784752683,-15176.483418267064,-17845.7223389205,-12294.95293634284
Sch1d95,Sch,2031,All,dN_HZ_Death,-0.28249029373592804,-0.2815395561791679,-0.34624678113699353,-0.2235725219716205
Sch1d95,Sch,2031,All,PAF_Inc,0.29957601405467493,0.300204658932568,0.22851115320389825,0.36950393823613153
Sch1d95,Sch,2031,All,PAF_Mor,0.7405781481412054,0.7442889438675886,0.6308955983850117,0.8275912790574809
Sch1d95,Sch,2031,All,Avt_Inc,0.06478246774102,0.06506068700940659,0.053663453039982247,0.07467336626033022
Sch1d95,Sch,2031,All,Avt_Mor,0.25567735804736474,0.2565098774694954,0.22334665385539831,0.2834480494968823
Sch1d95,Sch,2032,All,dN_HZ,-15151.35241861013,-15154.77728588885,-17930.756688958303,-12265.861196740758
Sch1d95,Sch,2032,All,dN_HZ_Death,-0.2868203048083654,-0.2859123913410614,-0.3530530253064376,-0.22596761380282168
Sch1d95,Sch,2032,All,PAF_Inc,0.32312145235930584,0.323085384054539,0.2399731064378078,0.40600716307415824
Sch1d95,Sch,2032,All,PAF_Mor,0.7589091773211587,0.7633486013049996,0.6357771141513077,0.8538735479830468
Sch1d95,Sch,2032,All,Avt_Inc,0.0723819609026609,0.07268385858831605,0.059623702514154435,0.08386073717966616
Sch1d95,Sch,2032,All,Avt_Mor,0.28044337676368186,0.2815432714734256,0.2446798357706323,0.31146820797175323
Sch1d95,Sch,2033,All,dN_HZ,-14403.084076684301,-14422.446937273635,-17119.17852174612,-11511.410497017258
Sch1d95,Sch,2033,All,dN_HZ_Death,-0.2843244528276511,-0.2834432761217305,-0.35057533202803187,-0.22335607090205536
Sch1d95,Sch,2033,All,PAF_Inc,0.3320797654219651,0.3314038518544835,0.23775596261036808,0.42883080777781646
Sch1d95,Sch,2033,All,PAF_Mor,0.7649823290067946,0.7706497499634837,0.631412441038173,0.8681564913011491
Sch1d95,Sch,2033,All,Avt_Inc,0.07925808188356932,0.07957207810413958,0.06518976688263896,0.09213025962669426
Sch1d95,Sch,2033,All,Avt_Mor,0.30280463483086856,0.3039587487140991,0.263070557547099,0.3369920947924476
Sch1d95,Sch,2034,All,dN_HZ,-13513.684549644478,-13524.159923390102,-16174.066643728196,-10654.880868485578
Sch1d95,Sch,2034,All,dN_HZ_Death,-0.2778512276775372,-0.27728668906453524,-0.34287941193007565,-0.21730837530062533
Sch1d95,Sch,2034,All,PAF_Inc,0.33743665763980674,0.33630166206747175,0.23444540620058665,0.44787148658789977
Sch1d95,Sch,2034,All,PAF_Mor,0.7669696028600912,0.7734993421976479,0.6211000212837565,0.8792897889624345
Sch1d95,Sch,2034,All,Avt_Inc,0.0854156764418795,0.0857389689313378,0.06982782526716697,0.09969029312063245
Sch1d95,Sch,2034,All,Avt_Mor,0.32277702828442756,0.32400726114279865,0.2800913937844193,0.3597315534403653
Sch1d95,Sch,2035,All,dN_HZ,-12532.17752516421,-12553.415721835785,-15101.89059231943,-9760.85506503199
Sch1d95,Sch,2035,All,dN_HZ_Death,-0.2678622546940677,-0.26771597356748483,-0.33093539971730324,-0.20909335872113852
Sch1d95,Sch,2035,All,PAF_Inc,0.3395260802073662,0.3379590852794785,0.2269448903241793,0.46490612008750715
Sch1d95,Sch,2035,All,PAF_Mor,0.765598036192748,0.7725307199832484,0.6105654830031182,0.8863520939537967
Sch1d95,Sch,2035,All,Avt_Inc,0.0908767700100357,0.09117126750693298,0.0738595910840947,0.10642220230378369
Sch1d95,Sch,2035,All,Avt_Mor,0.34043507234879733,0.34171533672765586,0.2947052797209242,0.37986498548585995
Sch1d95,Sch,2036,All,dN_HZ,-11516.318641751588,-11524.065170792552,-14030.973881070624,-8855.255578765262
Sch1d95,Sch,2036,All,dN_HZ_Death,-0.25472870701409617,-0.2545456543671065,-0.315085989744028,-0.19806073587601122
Sch1d95,Sch,2036,All,PAF_Inc,0.33910739253476785,0.33655335268909453,0.21885762764756295,0.478559241878487
Sch1d95,Sch,2036,All,PAF_Mor,0.7612840900498647,0.7682884085986088,0.5939560580025288,0.8916796274997558
Sch1d95,Sch,2036,All,Avt_Inc,0.09568455798872096,0.09592245440249031,0.07736082228741624,0.11258321537319939
Sch1d95,Sch,2036,All,Avt_Mor,0.3558828189374527,0.35749279841262954,0.30672980646454284,0.3981805666369174
Sch1d95,Sch,2037,All,dN_HZ,-10505.932677597033,-10511.318370835586,-12902.924753300398,-8010.04078314844
Sch1d95,Sch,2037,All,dN_HZ_Death,-0.23750709216918925,-0.23727411050157027,-0.2941273593508246,-0.1846757498202881
Sch1d95,Sch,2037,All,PAF_Inc,0.33675062295367936,0.33310508855303644,0.20888223932573463,0.4869171054458514
Sch1d95,Sch,2037,All,PAF_Mor,0.7538167468850554,0.7616905061357526,0.5741370496314518,0.8940451454542079
Sch1d95,Sch,2037,All,Avt_Inc,0.09989266180941926,0.10007438695711696,0.08067457104562616,0.11802367715819365
Sch1d95,Sch,2037,All,Avt_Mor,0.3691619361047756,0.37090597274872483,0.3166726638516168,0.4138449314308494
Sch1d95,Sch,2038,All,dN_HZ,-9714.261979570447,-9700.282527854897,-11967.839289592352,-7446.080062224998
Sch1d95,Sch,2038,All,dN_HZ_Death,-0.2180955971704174,-0.217880917336427,-0.2697994533305728,-0.16991100072888204
Sch1d95,Sch,2038,All,PAF_Inc,0.33879098160043924,0.3341299450862435,0.20470626633015174,0.5022073937770394
Sch1d95,Sch,2038,All,PAF_Mor,0.7450208313731863,0.7532101045376902,0.5501827986074932,0.8969944720962942
Sch1d95,Sch,2038,All,Avt_Inc,0.10365891926834993,0.10380710216227967,0.08345364046508652,0.12323803311621953
Sch1d95,Sch,2038,All,Avt_Mor,0.38044503950151254,0.38229174742776206,0.3248817559697953,0.42683590785319636
Sch1d95,Sch,2039,All,dN_HZ,-8670.932807621066,-8666.828054977224,-10731.6674384913,-6606.150245523248
Sch1d95,Sch,2039,All,dN_HZ_Death,-0.19587617750544917,-0.1956658169772812,-0.2423915238214161,-0.15280189399024707
Sch1d95,Sch,2039,All,PAF_Inc,0.33017932524363003,0.3253150896133242,0.19258017238533048,0.5035156666029924
Sch1d95,Sch,2039,All,PAF_Mor,0.7300943480852298,0.7384892291757622,0.5201942023330479,0.8951663210097223
Sch1d95,Sch,2039,All,Avt_Inc,0.10687539902837506,0.10695658186154033,0.08549213952575346,0.12779809014655083
Sch1d95,Sch,2039,All,Avt_Mor,0.38978015362541935,0.3918476018962163,0.3315084761217741,0.4376281154643841
Sch1d95,Sch,2040,All,dN_HZ,-7683.222245272025,-7682.521531074872,-9531.902006511624,-5819.312000527613
Sch1d95,Sch,2040,All,dN_HZ_Death,-0.17246565109139173,-0.17229419955986205,-0.21253497881375255,-0.13617806038416674
Sch1d95,Sch,2040,All,PAF_Inc,0.3204151281465329,0.3136303859663222,0.1804395144046192,0.5016253923609858
Sch1d95,Sch,2040,All,PAF_Mor,0.7109242124965311,0.7189921932865699,0.4868138483539144,0.8923635679262089
Sch1d95,Sch,2040,All,Avt_Inc,0.10960038631507771,0.1096565723762221,0.08685797560717999,0.1316666228744699
Sch1d95,Sch,2040,All,Avt_Mor,0.39731418047621997,0.39949835818407486,0.33720836182900243,0.4469368143654286
Sch1d95,Sch,2041,All,dN_HZ,-6772.9434896774765,-6772.7331180825,-8442.980327706697,-5104.386396266405
Sch1d95,Sch,2041,All,dN_HZ_Death,-0.14871152882649247,-0.14841969111235395,-0.1819076902286727,-0.11849402744972244
Sch1d95,Sch,2041,All,PAF_Inc,0.3102146139222288,0.30183791236853424,0.16869089720844357,0.49886132476143236
Sch1d95,Sch,2041,All,PAF_Mor,0.6867971749206468,0.6938425752294678,0.4479561246106049,0.8865803281591699
Sch1d95,Sch,2041,All,Avt_Inc,0.11189602991316461,0.11195980871591482,0.08819932508368306,0.1351144645168588
Sch1d95,Sch,2041,All,Avt_Mor,0.40320332383142105,0.40556119102071864,0.3406292497794579,0.45462229145832794
Sch1d95,Sch,2042,All,dN_HZ,-5944.695239574808,-5941.3267534131255,-7423.137055780592,-4464.477123490033
Sch1d95,Sch,2042,All,dN_HZ_Death,-0.12511812321958776,-0.12493284930251503,-0.1520322277448261,-0.10086311195509473
Sch1d95,Sch,2042,All,PAF_Inc,0.29996250793471096,0.2899990067943543,0.15754315646756253,0.4964645004967557
Sch1d95,Sch,2042,All,PAF_Mor,0.6566967609677874,0.6617608410782676,0.4056865443323163,0.8775658157402421
Sch1d95,Sch,2042,All,Avt_Inc,0.11382088503860319,0.11386915920183452,0.08923472072860628,0.13760603044165887
Sch1d95,Sch,2042,All,Avt_Mor,0.4075967724780944,0.41018154862466405,0.34195296501069894,0.46053556704405757
Sch1d95,Sch,2043,All,dN_HZ,-5209.411416761436,-5206.887186921722,-6499.685479857772,-3922.7404559598504
Sch1d95,Sch,2043,All,dN_HZ_Death,-0.10454149672108869,-0.10440034037998439,-0.12615985215336306,-0.08482163077968743
Sch1d95,Sch,2043,All,PAF_Inc,0.2904634014830751,0.2789231411262667,0.14860901637430396,0.49195674086930014
Sch1d95,Sch,2043,All,PAF_Mor,0.6236719745435493,0.6248226965336379,0.36408083080079445,0.8674453042732222
Sch1d95,Sch,2043,All,Avt_Inc,0.1154338648549879,0.11541408623628678,0.08991680153514348,0.13987047680072903
Sch1d95,Sch,2043,All,Avt_Mor,0.41076328622224756,0.4136577033088794,0.34289857642286414,0.4654470279106481
Sch1d95,Sch,2044,All,dN_HZ,-4415.787533567848,-4418.098677345316,-5530.167272647915,-3295.2120232994953
Sch1d95,Sch,2044,All,dN_HZ_Death,-0.08653409495483323,-0.08627414384033881,-0.10466414138323754,-0.07062579615517019
Sch1d95,Sch,2044,All,PAF_Inc,0.2738481592361523,0.2606280197943881,0.13572874017732708,0.4790380019590541
Sch1d95,Sch,2044,All,PAF_Mor,0.5860456738983688,0.5819618298207068,0.32374262242615315,0.8503603718926532
Sch1d95,Sch,2044,All,Avt_Inc,0.11671396899454996,0.11663062383137962,0.09042794787473639,0.1418653780758089
Sch1d95,Sch,2044,All,Avt_Mor,0.41289984525121237,0.4160821564734909,0.34263790442190034,0.46864847255118336
Sch1d95,Sch,2045,All,dN_HZ,-3704.8840159516476,-3709.692916871495,-4654.417552022832,-2749.854585330102
Sch1d95,Sch,2045,All,dN_HZ_Death,-0.07133266492238177,-0.07116320282355543,-0.08615995696294121,-0.058105399983863416
Sch1d95,Sch,2045,All,PAF_Inc,0.25706707771038173,0.24285156159754429,0.12290160172803544,0.46056244973845295
Sch1d95,Sch,2045,All,PAF_Mor,0.5462886739292361,0.5374829862646169,0.28464970639654086,0.8297169544824547
Sch1d95,Sch,2045,All,Avt_Inc,0.11771042965262915,0.11760814072414029,0.09107779628353437,0.14347752843081124
Sch1d95,Sch,2045,All,Avt_Mor,0.41420462865304547,0.41742690828252077,0.34280130671273035,0.47154556637144096
Sch1d95,Sch,2046,All,dN_HZ,-3076.211769808241,-3078.2340816639025,-3869.0658970568325,-2263.705487889855
Sch1d95,Sch,2046,All,dN_HZ_Death,-0.05858210056605353,-0.05827994267074142,-0.07151833895806294,-0.0474351959604986
Sch1d95,Sch,2046,All,PAF_Inc,0.24038908653376995,0.2253904744220412,0.1114746367592426,0.4410450238107405
Sch1d95,Sch,2046,All,PAF_Mor,0.5053070983602723,0.4928654498198751,0.2506401988773367,0.80445574403049
Sch1d95,Sch,2046,All,Avt_Inc,0.11846899828788726,0.118418339258822,0.09154002034662484,0.1449455638635483
Sch1d95,Sch,2046,All,Avt_Mor,0.4148441162077597,0.4179293975575835,0.34213684018358564,0.47362106093056394
Sch1d95,Sch,2047,All,dN_HZ,-2513.2846865035285,-2512.9161398963115,-3174.316387322003,-1848.3767257988216
Sch1d95,Sch,2047,All,dN_HZ_Death,-0.047487704347985084,-0.04732900587051096,-0.05890736472533344,-0.037298128033397944
Sch1d95,Sch,2047,All,PAF_Inc,0.22330934290980597,0.2070693298792139,0.10049350494319775,0.4207319838876874
Sch1d95,Sch,2047,All,PAF_Mor,0.46247351224679273,0.4456332376907368,0.22105156883381538,0.7716144284439668
Sch1d95,Sch,2047,All,Avt_Inc,0.11902589385476711,0.11889314929484694,0.091588444922768,0.14603517350184256
Sch1d95,Sch,2047,All,Avt_Mor,0.41494191062607805,0.41829343557572063,0.3400654394039263,0.47479494706992886
Sch1d95,Sch,2048,All,dN_HZ,-2039.2466585401899,-2038.8077572779457,-2583.412504104219,-1492.5922277686745
Sch1d95,Sch,2048,All,dN_HZ_Death,-0.03799262849856306,-0.0380024835303918,-0.04800839833126876,-0.028695509489264633
Sch1d95,Sch,2048,All,PAF_Inc,0.20717549586891096,0.19023219607544678,0.0909010988008647,0.4044091079593841
Sch1d95,Sch,2048,All,PAF_Mor,0.41775311249968533,0.3948641379472382,0.19026833982003866,0.7342472613045338
Sch1d95,Sch,2048,All,Avt_Inc,0.11942356606116375,0.1192989783155497,0.09172313982125799,0.14689476489874306
Sch1d95,Sch,2048,All,Avt_Mor,0.4146031247790353,0.41805121380698057,0.3375999405059483,0.47547593431666224
Sch1d95,Sch,2049,All,dN_HZ,-1641.5821112936667,-1642.4753196699762,-2086.2397109158906,-1186.3077851825878
Sch1d95,Sch,2049,All,dN_HZ_Death,-0.03043086699694682,-0.030540346800853952,-0.03923084142657028,-0.021772374321941602
Sch1d95,Sch,2049,All,PAF_Inc,0.19212855013056448,0.17515383082201907,0.08268726253180439,0.3869411409403037
Sch1d95,Sch,2049,All,PAF_Mor,0.3767214653482274,0.35123949202493987,0.16693843474448183,0.6942446561879437
Sch1d95,Sch,2049,All,Avt_Inc,0.11969756366750044,0.11949047072633037,0.09179006063141709,0.14771363634458948
Sch1d95,Sch,2049,All,Avt_Mor,0.413964040336668,0.41764569550960967,0.3352765143632698,0.4757826172438644
Sch1d95,Sch,2050,All,dN_HZ,-1307.8886362002775,-1308.0430569788964,-1668.291574076772,-940.8609405239428
Sch1d95,Sch,2050,All,dN_HZ_Death,-0.02431158138118952,-0.024393239756833343,-0.032195828837022746,-0.016264016060174285
Sch1d95,Sch,2050,All,PAF_Inc,0.17795464698525518,0.16039287921666995,0.07416375223746872,0.3684155246495602
Sch1d95,Sch,2050,All,PAF_Mor,0.3397317730731406,0.3122465803405576,0.14637632360969938,0.6503858185363321
Sch1d95,Sch,2050,All,Avt_Inc,0.11987630804281772,0.11968830241102639,0.09175165400020943,0.1483621610806116
Sch1d95,Sch,2050,All,Avt_Mor,0.41313600006898504,0.41690339468337145,0.3325192998335593,0.4759513384714937
Sch2d85,Sch,2013,All,dN_HZ,0,0,0,0
Sch2d85,Sch,2013,All,dN_HZ_Death,0,0,0,0
Sch2d85,Sch,2013,All,PAF_Inc,0,0,-0,-0
Sch2d85,Sch,2013,All,PAF_Mor,0,0,-0,-0
Sch2d85,Sch,2013,All,Avt_Inc,0,0,-0,-0
Sch2d85,Sch,2013,All,Avt_Mor,0,0,-0,-0
Sch2d85,Sch,2014,All,dN_HZ,0,0,0,0
Sch2d85,Sch,2014,All,dN_HZ_Death,0,0,0,0
Sch2d85,Sch,2014,All,PAF_Inc,0,0,-0,-0
Sch2d85,Sch,2014,All,PAF_Mor,0,0,-0,-0
Sch2d85,Sch,2014,All,Avt_Inc,0,0,-0,-0
Sch2d85,Sch,2014,All,Avt_Mor,0,0,-0,-0
Sch2d85,Sch,2015,All,dN_HZ,0,0,0,0
Sch2d85,Sch,2015,All,dN_HZ_Death,0,0,0,0
Sch2d85,Sch,2015,All,PAF_Inc,0,0,-0,-0
Sch2d85,Sch,2015,All,PAF_Mor,0,0,-0,-0
Sch2d85,Sch,2015,All,Avt_Inc,0,0,-0,-0
Sch2d85,Sch,2015,All,Avt_Mor,0,0,-0,-0
Sch2d85,Sch,2016,All,dN_HZ,0,0,0,0
Sch2d85,Sch,2016,All,dN_HZ_Death,0,0,0,0
Sch2d85,Sch,2016,All,PAF_Inc,0,0,-0,-0
Sch2d85,Sch,2016,All,PAF_Mor,0,0,-0,-0
Sch2d85,Sch,2016,All,Avt_Inc,0,0,-0,-0
Sch2d85,Sch,2016,All,Avt_Mor,0,0,-0,-0
Sch2d85,Sch,2017,All,dN_HZ,0,0,0,0
Sch2d85,Sch,2017,All,dN_HZ_Death,0,0,0,0
Sch2d85,Sch,2017,All,PAF_Inc,0,0,-0,-0
Sch2d85,Sch,2017,All,PAF_Mor,0,0,-0,-0
Sch2d85,Sch,2017,All,Avt_Inc,0,0,-0,-0
Sch2d85,Sch,2017,All,Avt_Mor,0,0,-0,-0
Sch2d85,Sch,2018,All,dN_HZ,0,0,0,0
Sch2d85,Sch,2018,All,dN_HZ_Death,0,0,0,0
Sch2d85,Sch,2018,All,PAF_Inc,0,0,-0,-0
Sch2d85,Sch,2018,All,PAF_Mor,0,0,-0,-0
Sch2d85,Sch,2018,All,Avt_Inc,0,0,-0,-0
Sch2d85,Sch,2018,All,Avt_Mor,0,0,-0,-0
Sch2d85,Sch,2019,All,dN_HZ,0,0,0,0
Sch2d85,Sch,2019,All,dN_HZ_Death,0,0,0,0
Sch2d85,Sch,2019,All,PAF_Inc,0,0,-0,-0
Sch2d85,Sch,2019,All,PAF_Mor,0,0,-0,-0
Sch2d85,Sch,2019,All,Avt_Inc,0,0,-0,-0
Sch2d85,Sch,2019,All,Avt_Mor,0,0,-0,-0
Sch2d85,Sch,2020,All,dN_HZ,0,0,0,0
Sch2d85,Sch,2020,All,dN_HZ_Death,0,0,0,0
Sch2d85,Sch,2020,All,PAF_Inc,0,0,-0,-0
Sch2d85,Sch,2020,All,PAF_Mor,0,0,-0,-0
Sch2d85,Sch,2020,All,Avt_Inc,0,0,-0,-0
Sch2d85,Sch,2020,All,Avt_Mor,0,0,-0,-0
Sch2d85,Sch,2021,All,dN_HZ,0,0,0,0
Sch2d85,Sch,2021,All,dN_HZ_Death,0,0,0,0
Sch2d85,Sch,2021,All,PAF_Inc,0,0,-0,-0
Sch2d85,Sch,2021,All,PAF_Mor,0,0,-0,-0
Sch2d85,Sch,2021,All,Avt_Inc,0,0,-0,-0
Sch2d85,Sch,2021,All,Avt_Mor,0,0,-0,-0
Sch2d85,Sch,2022,All,dN_HZ,0,0,0,0
Sch2d85,Sch,2022,All,dN_HZ_Death,0,0,0,0
Sch2d85,Sch,2022,All,PAF_Inc,0,0,-0,-0
Sch2d85,Sch,2022,All,PAF_Mor,0,0,-0,-0
Sch2d85,Sch,2022,All,Avt_Inc,0,0,-0,-0
Sch2d85,Sch,2022,All,Avt_Mor,0,0,-0,-0
Sch2d85,Sch,2023,All,dN_HZ,-2327.9230130622095,-2338.9348151730883,-2590.8221632303294,-2024.2905141643464
Sch2d85,Sch,2023,All,dN_HZ_Death,-0.02199766041071538,-0.0220195013968279,-0.026041923376132894,-0.01805367265239745
Sch2d85,Sch,2023,All,PAF_Inc,0.024322441997160393,0.024448075699335263,0.021239042135389425,0.026811375238919785
Sch2d85,Sch,2023,All,PAF_Mor,0.05732820448846109,0.05744049856437267,0.04990721214332011,0.06381374962042159
Sch2d85,Sch,2023,All,Avt_Inc,0.002334163861245718,0.002344050234436238,0.0020376391191719643,0.002580847719158315
Sch2d85,Sch,2023,All,Avt_Mor,0.005221044183621679,0.005227136523071174,0.004484871570865836,0.005890477919169771
Sch2d85,Sch,2024,All,dN_HZ,-4389.978200152354,-4406.564331093934,-4869.166416575106,-3832.643892546789
Sch2d85,Sch,2024,All,dN_HZ_Death,-0.043470427673952414,-0.043386014483232316,-0.051647869784796664,-0.03583879185493408
Sch2d85,Sch,2024,All,PAF_Inc,0.04863485120089062,0.04886115233789658,0.042636121749452624,0.05337631780262959
Sch2d85,Sch,2024,All,PAF_Mor,0.1129675825199565,0.11315101714601869,0.0998451647081585,0.12462763405659251
Sch2d85,Sch,2024,All,Avt_Inc,0.006176797456487035,0.0062029740983611924,0.005408805060932274,0.0068077817145373275
Sch2d85,Sch,2024,All,Avt_Mor,0.014236276249141845,0.014247218177278451,0.012317902631984661,0.01600515524088237
Sch2d85,Sch,2025,All,dN_HZ,-6159.451726784216,-6171.13131393159,-6828.433527461592,-5398.875317370729
Sch2d85,Sch,2025,All,dN_HZ_Death,-0.06485749774545105,-0.06469160635786009,-0.077021165390695,-0.05360024621852953
Sch2d85,Sch,2025,All,PAF_Inc,0.07321111828943723,0.07348985957746396,0.0640730968842709,0.08061640239523694
Sch2d85,Sch,2025,All,PAF_Mor,0.1682121744538558,0.16851483141275497,0.14954944655340072,0.18418454163870335
Sch2d85,Sch,2025,All,Avt_Inc,0.010989880736771804,0.01102945429772781,0.009654050163601923,0.0121180303708964
Sch2d85,Sch,2025,All,Avt_Mor,0.026143920505731125,0.026162542477968252,0.0227503342536092,0.029288362152586463
Sch2d85,Sch,2026,All,dN_HZ,-7710.31085534715,-7724.350858093014,-8574.168624705057,-6755.624513562215
Sch2d85,Sch,2026,All,dN_HZ_Death,-0.08693542773477844,-0.0868400423334264,-0.10353144207272709,-0.07159247465099973
Sch2d85,Sch,2026,All,PAF_Inc,0.09974594082827089,0.10012952510806772,0.08690641973049058,0.11026349788362828
Sch2d85,Sch,2026,All,PAF_Mor,0.2254246481187427,0.2258495994483835,0.20211403778960105,0.2456663859958593
Sch2d85,Sch,2026,All,Avt_Inc,0.016482533842895716,0.016538105955052347,0.014473095572735715,0.018175188822515932
Sch2d85,Sch,2026,All,Avt_Mor,0.04044835555175322,0.04052369874327118,0.035400030478589056,0.04517650199562156
Sch2d85,Sch,2027,All,dN_HZ,-9367.074827426768,-9383.607522188526,-10438.811522729362,-8187.570558998434
Sch2d85,Sch,2027,All,dN_HZ_Death,-0.11167470689700103,-0.1115559647324113,-0.13308178225688008,-0.09131711649235913
Sch2d85,Sch,2027,All,PAF_Inc,0.13416806409992135,0.13471102912024466,0.11551054743872961,0.14928934730178592
Sch2d85,Sch,2027,All,PAF_Mor,0.29021922978977394,0.29096127755506296,0.26064857182452156,0.31552064195573354
Sch2d85,Sch,2027,All,Avt_Inc,0.022712000476055014,0.02277890803514116,0.019912439558533217,0.025126091231358217
Sch2d85,Sch,2027,All,Avt_Mor,0.057137895716619966,0.05716134978851377,0.05022812919649109,0.06369366689076696
Sch2d85,Sch,2028,All,dN_HZ,-10755.322079596739,-10758.851539925025,-12021.245236489096,-9353.487927449036
Sch2d85,Sch,2028,All,dN_HZ_Death,-0.13759960358913192,-0.1374282594282897,-0.165085894338914,-0.11237474229722115
Sch2d85,Sch,2028,All,PAF_Inc,0.17003713680910584,0.17068417404320804,0.14514425274408932,0.19144924284559214
Sch2d85,Sch,2028,All,PAF_Mor,0.3579137667226414,0.35867288158857724,0.3218698825484848,0.38853411560859386
Sch2d85,Sch,2028,All,Avt_Inc,0.02945361070192502,0.029537283298427936,0.025830710353507348,0.032651018379545614
Sch2d85,Sch,2028,All,Avt_Mor,0.07595631288872441,0.07603424015778691,0.06705042694923867,0.0843980026360166
Sch2d85,Sch,2029,All,dN_HZ,-11876.427749107135,-11911.69793474903,-13294.423587516541,-10276.9184529966
Sch2d85,Sch,2029,All,dN_HZ_Death,-0.16313875314635323,-0.16286499808440455,-0.19595006742351376,-0.1327364538573775
Sch2d85,Sch,2029,All,PAF_Inc,0.20201616661489274,0.2026566050682629,0.17031395920485948,0.2296824259530797
Sch2d85,Sch,2029,All,PAF_Mor,0.42445805140449766,0.425620340948499,0.3821978782438991,0.46044109451235277
Sch2d85,Sch,2029,All,Avt_Inc,0.03649299474624824,0.036606344139815915,0.031914290739792274,0.04055294469140517
Sch2d85,Sch,2029,All,Avt_Mor,0.09646696935096148,0.09654125677826048,0.08537016723853122,0.10688078933786918
Sch2d85,Sch,2030,All,dN_HZ,-12741.672557542759,-12780.605855558424,-14314.821474417922,-11012.63492700882
Sch2d85,Sch,2030,All,dN_HZ_Death,-0.1871405862406743,-0.18673172533267304,-0.2249684240170113,-0.15140292077108042
Sch2d85,Sch,2030,All,PAF_Inc,0.23337415809332696,0.23416910012090758,0.1947143115070771,0.26881113314086996
Sch2d85,Sch,2030,All,PAF_Mor,0.4881713391792043,0.49004193194975687,0.4356730822048672,0.5305981685127727
Sch2d85,Sch,2030,All,Avt_Inc,0.04367876410268374,0.043819334781518164,0.03810841834580852,0.048631353602486285
Sch2d85,Sch,2030,All,Avt_Mor,0.11818097368673035,0.1183827378639186,0.10490777910268824,0.13068956749568633
Sch2d85,Sch,2031,All,dN_HZ,-13341.16486434753,-13365.097939078052,-15010.966016652264,-11487.408780946333
Sch2d85,Sch,2031,All,dN_HZ_Death,-0.20868298604660873,-0.2081190272771249,-0.2519062687636989,-0.16802170776607145
Sch2d85,Sch,2031,All,PAF_Inc,0.2633527603622343,0.26409114560233615,0.2148956949919554,0.30796886206843577
Sch2d85,Sch,2031,All,PAF_Mor,0.5469854342385677,0.5493711073307966,0.4832910841693582,0.5972627098169211
Sch2d85,Sch,2031,All,Avt_Inc,0.05087331428595747,0.05099799763681227,0.044249859100765045,0.056726757309676294
Sch2d85,Sch,2031,All,Avt_Mor,0.14059621943612013,0.1408829510431085,0.124688116207775,0.1552715616610615
Sch2d85,Sch,2032,All,dN_HZ,-13657.388208241236,-13683.216908294395,-15420.208832263368,-11722.539138655511
Sch2d85,Sch,2032,All,dN_HZ_Death,-0.22652082460403222,-0.2260651688674084,-0.27509309490067074,-0.18209010555603322
Sch2d85,Sch,2032,All,PAF_Inc,0.29088006993258964,0.2915275792329944,0.231468375530954,0.3464929801529085
Sch2d85,Sch,2032,All,PAF_Mor,0.5992093066253272,0.6020556314037193,0.5241873962859329,0.6570745660315347
Sch2d85,Sch,2032,All,Avt_Inc,0.05794249688559867,0.0580855915542205,0.05023437920538535,0.06480991523477328
Sch2d85,Sch,2032,All,Avt_Mor,0.1631762588851782,0.16354378745974202,0.14459390682203563,0.17973846057011184
Sch2d85,Sch,2033,All,dN_HZ,-13153.351502520338,-13185.68880340307,-14925.363093773953,-11174.64295852829
Sch2d85,Sch,2033,All,dN_HZ_Death,-0.23576226166453199,-0.23530318978328596,-0.2865278438498322,-0.18886483634557735
Sch2d85,Sch,2033,All,PAF_Inc,0.3027769377501895,0.30305538761222983,0.23340436131601602,0.3699343577857432
Sch2d85,Sch,2033,All,PAF_Mor,0.634113725352167,0.6378554218742363,0.5471449604903867,0.700485840846676
Sch2d85,Sch,2033,All,Avt_Inc,0.06443562780211604,0.06457556861661569,0.05562720774659567,0.07232590137739128
Sch2d85,Sch,2033,All,Avt_Mor,0.18492231004384696,0.18542799269376703,0.1641562839976245,0.20320222378688718
Sch2d85,Sch,2034,All,dN_HZ,-12457.412064093372,-12489.15068146056,-14182.00390521007,-10476.162879635556
Sch2d85,Sch,2034,All,dN_HZ_Death,-0.23919479491928952,-0.23849485708494675,-0.2919778690936641,-0.19102470671123759
Sch2d85,Sch,2034,All,PAF_Inc,0.31045687236214414,0.31098099415433755,0.23175890372019511,0.38972617054633857
Sch2d85,Sch,2034,All,PAF_Mor,0.6599790115322116,0.6642182812016909,0.560467747781962,0.7359780492819731
Sch2d85,Sch,2034,All,Avt_Inc,0.07031522647627707,0.07043697043396652,0.06048289194633018,0.0792409209771706
Sch2d85,Sch,2034,All,Avt_Mor,0.20537932932301126,0.20612537476810597,0.1822469129666889,0.22558979216202937
Sch2d85,Sch,2035,All,dN_HZ,-11622.273907039875,-11653.518991687544,-13303.936258568328,-9678.053889151273
Sch2d85,Sch,2035,All,dN_HZ_Death,-0.23728187955540733,-0.2367549141756887,-0.2899164762837862,-0.189290966696062
Sch2d85,Sch,2035,All,PAF_Inc,0.3141511300551273,0.31422708899151186,0.22537699159768604,0.4057193991357947
Sch2d85,Sch,2035,All,PAF_Mor,0.6778167184325367,0.6826812911047522,0.5628460542282342,0.763647566843366
Sch2d85,Sch,2035,All,Avt_Inc,0.0755686103369649,0.07572828125776299,0.06497366337187278,0.08533424966930384
Sch2d85,Sch,2035,All,Avt_Mor,0.22423869372348496,0.2250778667326509,0.19902205953976473,0.24619555689606
Sch2d85,Sch,2036,All,dN_HZ,-10711.4015662698,-10747.054946490369,-12351.972267389669,-8850.424953622069
Sch2d85,Sch,2036,All,dN_HZ_Death,-0.2304749593645073,-0.22964543766953377,-0.2819145639423793,-0.1833330856154885
Sch2d85,Sch,2036,All,PAF_Inc,0.3145672892770849,0.3135806365142626,0.2168830449072543,0.4178573005663742
Sch2d85,Sch,2036,All,PAF_Mor,0.688319639417288,0.6942145645601647,0.5592771056201238,0.7843288114543533
Sch2d85,Sch,2036,All,Avt_Inc,0.08021147022575659,0.08034500253107729,0.06864382626222962,0.09087808992460565
Sch2d85,Sch,2036,All,Avt_Mor,0.24129871679326667,0.242413263614099,0.21371783364291289,0.2646727161946798
Sch2d85,Sch,2037,All,dN_HZ,-9775.034846557179,-9810.204490890192,-11332.060009697883,-8020.837463895108
Sch2d85,Sch,2037,All,dN_HZ_Death,-0.21813592127973902,-0.21744437704452435,-0.2672059759696792,-0.17340599313688243
Sch2d85,Sch,2037,All,PAF_Inc,0.31237938879463917,0.31077376587797245,0.20781821847518822,0.426786346413222
Sch2d85,Sch,2037,All,PAF_Mor,0.6917423396907428,0.698912470776333,0.5484968017468559,0.7994288677710335
Sch2d85,Sch,2037,All,Avt_Inc,0.08427848635461335,0.08439663080483553,0.0717499583098075,0.09577223139727933
Sch2d85,Sch,2037,All,Avt_Mor,0.25636118664709623,0.25753560613664345,0.22635565745800443,0.28110886814549685
Sch2d85,Sch,2038,All,dN_HZ,-9080.539163868496,-9120.154228794818,-10576.875190691793,-7409.557615917041
Sch2d85,Sch,2038,All,dN_HZ_Death,-0.20267911592171461,-0.20202941591091156,-0.24839225212166435,-0.1618669013075448
Sch2d85,Sch,2038,All,PAF_Inc,0.3156343612370449,0.31328484131500123,0.20360562103462207,0.4421335678642666
Sch2d85,Sch,2038,All,PAF_Mor,0.6916388722497514,0.6992676581216453,0.5317157549720719,0.8128355676279738
Sch2d85,Sch,2038,All,Avt_Inc,0.08794048112183035,0.08807797517615373,0.07455567062860868,0.10038796310260326
Sch2d85,Sch,2038,All,Avt_Mor,0.2694658944741214,0.2706730238557393,0.2374546849784925,0.2959502290900657
Sch2d85,Sch,2039,All,dN_HZ,-8121.302557950132,-8157.05105799495,-9519.175260841439,-6573.902633009157
Sch2d85,Sch,2039,All,dN_HZ_Death,-0.1833263399137325,-0.18278375661990873,-0.22441339549778086,-0.1469905438203071
Sch2d85,Sch,2039,All,PAF_Inc,0.3080906958506043,0.30502074065533225,0.19114848334514828,0.44474457614878327
Sch2d85,Sch,2039,All,PAF_Mor,0.682444875572744,0.6899195682917476,0.5047079429399669,0.8182756230353212
Sch2d85,Sch,2039,All,Avt_Inc,0.09108135017726472,0.09121947507202606,0.0768268306338735,0.10426661487378969
Sch2d85,Sch,2039,All,Avt_Mor,0.2805384264631999,0.28190401389336206,0.2458576623590067,0.30842671448854597
Sch2d85,Sch,2040,All,dN_HZ,-7211.8253085000915,-7245.613741191082,-8486.24059345569,-5787.726611273661
Sch2d85,Sch,2040,All,dN_HZ_Death,-0.16209347062213525,-0.16154367381387885,-0.19771871232550373,-0.13048673471769467
Sch2d85,Sch,2040,All,PAF_Inc,0.29949477501091687,0.29523530516525875,0.17885757227470306,0.44447561110449263
Sch2d85,Sch,2040,All,PAF_Mor,0.6671115321501222,0.6746357762339088,0.47503567029658617,0.8189772339832245
Sch2d85,Sch,2040,All,Avt_Inc,0.09375585694525487,0.09395749841649714,0.07868026205312613,0.10771654963615591
Sch2d85,Sch,2040,All,Avt_Mor,0.2896653896632105,0.2910283928266375,0.252637030423254,0.3187612384447981
Sch2d85,Sch,2041,All,dN_HZ,-6371.241389430746,-6404.034332176367,-7521.444623329153,-5075.718941578228
Sch2d85,Sch,2041,All,dN_HZ_Death,-0.14007303728385564,-0.13982965583158413,-0.16970590715835387,-0.11308642536957945
Sch2d85,Sch,2041,All,PAF_Inc,0.29045778859008625,0.28485346394757316,0.1671313240627384,0.443140178776076
Sch2d85,Sch,2041,All,PAF_Mor,0.6456244355003388,0.6524804384917495,0.4357458378498839,0.8160452918116782
Sch2d85,Sch,2041,All,Avt_Inc,0.09602162937312217,0.09615998538812648,0.08009515992909086,0.1106742748944689
Sch2d85,Sch,2041,All,Avt_Mor,0.29697997518396174,0.29840555414417036,0.258281808220921,0.32718842490723776
Sch2d85,Sch,2042,All,dN_HZ,-5606.894568195394,-5625.451368529948,-6619.109423608971,-4454.009418699281
Sch2d85,Sch,2042,All,dN_HZ_Death,-0.11804000704745453,-0.11785419564890774,-0.14265417775710307,-0.09621339878076715
Sch2d85,Sch,2042,All,PAF_Inc,0.2814748948619554,0.2738417173286555,0.1570103759111325,0.4425857158006132
Sch2d85,Sch,2042,All,PAF_Mor,0.6180003342062851,0.6223479663866691,0.39387149300804747,0.810767723923062
Sch2d85,Sch,2042,All,Avt_Inc,0.09793444066496336,0.09805833167439197,0.08135280003231725,0.11338278257520915
Sch2d85,Sch,2042,All,Avt_Mor,0.30263817578479685,0.3043353794824959,0.26230381059113234,0.33402605170344535
Sch2d85,Sch,2043,All,dN_HZ,-4902.547500333756,-4921.265886547219,-5792.26325621714,-3882.975993694576
Sch2d85,Sch,2043,All,dN_HZ_Death,-0.09839355525714383,-0.09810266367389357,-0.11898483679384529,-0.08036722363020568
Sch2d85,Sch,2043,All,PAF_Inc,0.27185445412822135,0.26316759456978406,0.14838380613788413,0.43871348101942415
Sch2d85,Sch,2043,All,PAF_Mor,0.5851660629053483,0.5857345170350055,0.35548948301132016,0.7968566380071165
Sch2d85,Sch,2043,All,Avt_Inc,0.09953649724201363,0.09964329151367457,0.08226596181898879,0.11558671613474124
Sch2d85,Sch,2043,All,Avt_Mor,0.3068985337035635,0.3087068922650269,0.2648813496244653,0.3391944942251974
Sch2d85,Sch,2044,All,dN_HZ,-4141.81612049281,-4155.610619867225,-4910.3906204692175,-3268.4770087474403
Sch2d85,Sch,2044,All,dN_HZ_Death,-0.08128882388346213,-0.08092170451488137,-0.09794327561896818,-0.06642626440419194
Sch2d85,Sch,2044,All,PAF_Inc,0.25532039751650315,0.24514671281275593,0.13440724871407797,0.42230056486497203
Sch2d85,Sch,2044,All,PAF_Mor,0.5484059841576013,0.5455057125718927,0.3145370745654704,0.7791808311884585
Sch2d85,Sch,2044,All,Avt_Inc,0.10080844006238582,0.10089114922271536,0.0828670900080457,0.1173744553777084
Sch2d85,Sch,2044,All,Avt_Mor,0.3099987165740891,0.31207103681670245,0.26622217478397175,0.34313813096915313
Sch2d85,Sch,2045,All,dN_HZ,-3464.108097769028,-3477.5638866392774,-4115.593045638521,-2723.803468731103
Sch2d85,Sch,2045,All,dN_HZ_Death,-0.06690427279059435,-0.06665379755644346,-0.08132170701423745,-0.05435116348011853
Sch2d85,Sch,2045,All,PAF_Inc,0.23880169924251674,0.22764092371200395,0.12109352914737002,0.4063994126746468
Sch2d85,Sch,2045,All,PAF_Mor,0.5099812440324787,0.5026502918510098,0.2778126126409951,0.7581752056246087
Sch2d85,Sch,2045,All,Avt_Inc,0.10180031798275527,0.10190294809059333,0.0835257865324941,0.1188451932294739
Sch2d85,Sch,2045,All,Avt_Mor,0.31216630914395027,0.3143538131817031,0.26671991447445775,0.3463598811184637
Sch2d85,Sch,2046,All,dN_HZ,-2865.090413345534,-2874.645604749765,-3415.4615105503676,-2230.8662678352166
Sch2d85,Sch,2046,All,dN_HZ_Death,-0.054851924743051554,-0.054578730922875573,-0.06732042241527483,-0.043684003303738714
Sch2d85,Sch,2046,All,PAF_Inc,0.22233294571300025,0.2102999652498146,0.10967390880552857,0.3909144424160299
Sch2d85,Sch,2046,All,PAF_Mor,0.4705033427046259,0.4586693072063971,0.2431714579742146,0.7339077995762852
Sch2d85,Sch,2046,All,Avt_Inc,0.1025567272628389,0.1027203264005847,0.08389380178370243,0.11997135431343521
Sch2d85,Sch,2046,All,Avt_Mor,0.3135862902554255,0.3159233336667493,0.26670739454544057,0.348771425081496
Sch2d85,Sch,2047,All,dN_HZ,-2327.1983346620063,-2334.4208543689083,-2792.0644662941572,-1799.0472212631828
Sch2d85,Sch,2047,All,dN_HZ_Death,-0.044345236257832,-0.04428615685119234,-0.055613686183602386,-0.034096868525919415
Sch2d85,Sch,2047,All,PAF_Inc,0.20525469152534107,0.19203706728778683,0.0987003031517068,0.37331050468168714
Sch2d85,Sch,2047,All,PAF_Mor,0.4290850697905009,0.41216367024346523,0.21218846981156106,0.7018550381362212
Sch2d85,Sch,2047,All,Avt_Inc,0.10311203790614128,0.10329322529826138,0.08398775479357687,0.12097243207311867
Sch2d85,Sch,2047,All,Avt_Mor,0.3143896394372228,0.3167850922045839,0.26580524228347596,0.35050785656002786
Sch2d85,Sch,2048,All,dN_HZ,-1868.3160257105299,-1873.0332169970225,-2248.1367092374703,-1437.7638333167195
Sch2d85,Sch,2048,All,dN_HZ_Death,-0.0352804941260208,-0.035296596538920505,-0.0447627155778855,-0.026080252348137756
Sch2d85,Sch,2048,All,PAF_Inc,0.18836523624729032,0.17460499003397212,0.08780286316649491,0.35288179880639525
Sch2d85,Sch,2048,All,PAF_Mor,0.38513203181274874,0.3646419596512023,0.18286760623277495,0.6635253021353373
Sch2d85,Sch,2048,All,Avt_Inc,0.10350468982694724,0.10372931230035566,0.08397403404983192,0.12165957061413331
Sch2d85,Sch,2048,All,Avt_Mor,0.31468498787662535,0.3172177940684442,0.264938192008127,0.35170755017001
Sch2d85,Sch,2049,All,dN_HZ,-1488.1410213313675,-1491.2374995648952,-1801.975661158863,-1141.1282065349928
Sch2d85,Sch,2049,All,dN_HZ_Death,-0.028061973677127997,-0.028047869050155362,-0.03688600278104128,-0.01962975035042276
Sch2d85,Sch,2049,All,PAF_Inc,0.1728047624086577,0.15912360936001252,0.07884635749918328,0.3327471295194623
Sch2d85,Sch,2049,All,PAF_Mor,0.3446387528331455,0.3216196332334315,0.1597358201866518,0.6209891887221476
Sch2d85,Sch,2049,All,Avt_Inc,0.10377224743951546,0.10401280450889333,0.08416962148576802,0.12216990139155523
Sch2d85,Sch,2049,All,Avt_Mor,0.31461520110538005,0.31741034941819035,0.26298952660314573,0.3524027296495686
Sch2d85,Sch,2050,All,dN_HZ,-1173.459493357819,-1177.7681045569616,-1423.0497403199201,-891.5493441601817
Sch2d85,Sch,2050,All,dN_HZ_Death,-0.022236513072324052,-0.0222848708005972,-0.0299051143620417,-0.014512560121516771
Sch2d85,Sch,2050,All,PAF_Inc,0.15837454607502924,0.14443267141123706,0.07063716315462065,0.3119197093954493
Sch2d85,Sch,2050,All,PAF_Mor,0.3080322338626181,0.2849964826854429,0.13913541990118994,0.5766212889935192
Sch2d85,Sch,2050,All,Avt_Inc,0.10394464410769048,0.10419184016004752,0.08419669374872285,0.12255115812546002
Sch2d85,Sch,2050,All,Avt_Mor,0.3142951280530128,0.31710726187344584,0.260969169559342,0.3527099747402929
Sch2d95,Sch,2013,All,dN_HZ,0,0,0,0
Sch2d95,Sch,2013,All,dN_HZ_Death,0,0,0,0
Sch2d95,Sch,2013,All,PAF_Inc,0,0,-0,-0
Sch2d95,Sch,2013,All,PAF_Mor,0,0,-0,-0
Sch2d95,Sch,2013,All,Avt_Inc,0,0,-0,-0
Sch2d95,Sch,2013,All,Avt_Mor,0,0,-0,-0
Sch2d95,Sch,2014,All,dN_HZ,0,0,0,0
Sch2d95,Sch,2014,All,dN_HZ_Death,0,0,0,0
Sch2d95,Sch,2014,All,PAF_Inc,0,0,-0,-0
Sch2d95,Sch,2014,All,PAF_Mor,0,0,-0,-0
Sch2d95,Sch,2014,All,Avt_Inc,0,0,-0,-0
Sch2d95,Sch,2014,All,Avt_Mor,0,0,-0,-0
Sch2d95,Sch,2015,All,dN_HZ,0,0,0,0
Sch2d95,Sch,2015,All,dN_HZ_Death,0,0,0,0
Sch2d95,Sch,2015,All,PAF_Inc,0,0,-0,-0
Sch2d95,Sch,2015,All,PAF_Mor,0,0,-0,-0
Sch2d95,Sch,2015,All,Avt_Inc,0,0,-0,-0
Sch2d95,Sch,2015,All,Avt_Mor,0,0,-0,-0
Sch2d95,Sch,2016,All,dN_HZ,0,0,0,0
Sch2d95,Sch,2016,All,dN_HZ_Death,0,0,0,0
Sch2d95,Sch,2016,All,PAF_Inc,0,0,-0,-0
Sch2d95,Sch,2016,All,PAF_Mor,0,0,-0,-0
Sch2d95,Sch,2016,All,Avt_Inc,0,0,-0,-0
Sch2d95,Sch,2016,All,Avt_Mor,0,0,-0,-0
Sch2d95,Sch,2017,All,dN_HZ,0,0,0,0
Sch2d95,Sch,2017,All,dN_HZ_Death,0,0,0,0
Sch2d95,Sch,2017,All,PAF_Inc,0,0,-0,-0
Sch2d95,Sch,2017,All,PAF_Mor,0,0,-0,-0
Sch2d95,Sch,2017,All,Avt_Inc,0,0,-0,-0
Sch2d95,Sch,2017,All,Avt_Mor,0,0,-0,-0
Sch2d95,Sch,2018,All,dN_HZ,0,0,0,0
Sch2d95,Sch,2018,All,dN_HZ_Death,0,0,0,0
Sch2d95,Sch,2018,All,PAF_Inc,0,0,-0,-0
Sch2d95,Sch,2018,All,PAF_Mor,0,0,-0,-0
Sch2d95,Sch,2018,All,Avt_Inc,0,0,-0,-0
Sch2d95,Sch,2018,All,Avt_Mor,0,0,-0,-0
Sch2d95,Sch,2019,All,dN_HZ,0,0,0,0
Sch2d95,Sch,2019,All,dN_HZ_Death,0,0,0,0
Sch2d95,Sch,2019,All,PAF_Inc,0,0,-0,-0
Sch2d95,Sch,2019,All,PAF_Mor,0,0,-0,-0
Sch2d95,Sch,2019,All,Avt_Inc,0,0,-0,-0
Sch2d95,Sch,2019,All,Avt_Mor,0,0,-0,-0
Sch2d95,Sch,2020,All,dN_HZ,0,0,0,0
Sch2d95,Sch,2020,All,dN_HZ_Death,0,0,0,0
Sch2d95,Sch,2020,All,PAF_Inc,0,0,-0,-0
Sch2d95,Sch,2020,All,PAF_Mor,0,0,-0,-0
Sch2d95,Sch,2020,All,Avt_Inc,0,0,-0,-0
Sch2d95,Sch,2020,All,Avt_Mor,0,0,-0,-0
Sch2d95,Sch,2021,All,dN_HZ,0,0,0,0
Sch2d95,Sch,2021,All,dN_HZ_Death,0,0,0,0
Sch2d95,Sch,2021,All,PAF_Inc,0,0,-0,-0
Sch2d95,Sch,2021,All,PAF_Mor,0,0,-0,-0
Sch2d95,Sch,2021,All,Avt_Inc,0,0,-0,-0
Sch2d95,Sch,2021,All,Avt_Mor,0,0,-0,-0
Sch2d95,Sch,2022,All,dN_HZ,0,0,0,0
Sch2d95,Sch,2022,All,dN_HZ_Death,0,0,0,0
Sch2d95,Sch,2022,All,PAF_Inc,0,0,-0,-0
Sch2d95,Sch,2022,All,PAF_Mor,0,0,-0,-0
Sch2d95,Sch,2022,All,Avt_Inc,0,0,-0,-0
Sch2d95,Sch,2022,All,Avt_Mor,0,0,-0,-0
Sch2d95,Sch,2023,All,dN_HZ,-3862.9371281159038,-3874.264445806104,-4232.046172162596,-3423.108316020275
Sch2d95,Sch,2023,All,dN_HZ_Death,-0.07592725198341593,-0.07568658886992694,-0.08969642674757158,-0.06319318203708178
Sch2d95,Sch,2023,All,PAF_Inc,0.040364481585077217,0.040485972127892754,0.035843872410178966,0.044061439882061106
Sch2d95,Sch,2023,All,PAF_Mor,0.19777372762612724,0.19807975337579387,0.17857000781462226,0.21542295115958707
Sch2d95,Sch,2023,All,Avt_Inc,0.0038735203158344065,0.0038810507278803754,0.0034390576498761986,0.004240356810615369
Sch2d95,Sch,2023,All,Avt_Mor,0.018003968671613347,0.018028249390300906,0.01616124811183707,0.019701308295881112
Sch2d95,Sch,2024,All,dN_HZ,-7040.897238696641,-7064.110860047862,-7704.533144629542,-6236.742897711454
Sch2d95,Sch,2024,All,dN_HZ_Death,-0.13410305939978415,-0.13375230075842473,-0.15850481757864152,-0.11156463817561713
Sch2d95,Sch,2024,All,PAF_Inc,0.07801140647964555,0.07829566723961504,0.0693287066695285,0.08504388503539745
Sch2d95,Sch,2024,All,PAF_Mor,0.34838500575022646,0.3489051317406186,0.3177345837421002,0.37577712260218227
Sch2d95,Sch,2024,All,Avt_Inc,0.01002619139860317,0.01005371418927301,0.008895524412518768,0.010946409925632184
Sch2d95,Sch,2024,All,Avt_Mor,0.04563428114043122,0.045690978774290146,0.04112527078520895,0.0497961486120255
Sch2d95,Sch,2025,All,dN_HZ,-9574.833362125095,-9592.826211032036,-10493.124064398933,-8520.51942445226
Sch2d95,Sch,2025,All,dN_HZ_Death,-0.17869895645017783,-0.1782396216844282,-0.2123180377995008,-0.14893002525772284
Sch2d95,Sch,2025,All,PAF_Inc,0.11381776623078109,0.11415232914916026,0.10090293076287271,0.12400711948063581
Sch2d95,Sch,2025,All,PAF_Mor,0.46338446649954096,0.4642202688769951,0.4247373945721063,0.4964954833091149
Sch2d95,Sch,2025,All,Avt_Inc,0.017478148252183412,0.017526450057378448,0.015511794860008204,0.019091729997030897
Sch2d95,Sch,2025,All,Avt_Mor,0.07792596523789659,0.07798088544161814,0.07053563388634732,0.08475664788494272
Sch2d95,Sch,2026,All,dN_HZ,-11596.541168187037,-11611.305149350967,-12752.766583167933,-10286.296887925013
Sch2d95,Sch,2026,All,dN_HZ_Death,-0.21329192092508945,-0.21306279546551005,-0.25474998288773604,-0.17725804739679324
Sch2d95,Sch,2026,All,PAF_Inc,0.15003497517442904,0.15069186994021494,0.13185922061413752,0.16445533955646263
Sch2d95,Sch,2026,All,PAF_Mor,0.5530176226353163,0.553759211631746,0.5086836324945239,0.5907735498168766
Sch2d95,Sch,2026,All,Avt_Inc,0.02568109145856699,0.02573921459752245,0.022827306746333844,0.028058970970514623
Sch2d95,Sch,2026,All,Avt_Mor,0.11201406581083931,0.11208452414447687,0.10170735457094164,0.1216834931553404
Sch2d95,Sch,2027,All,dN_HZ,-13503.421576965342,-13528.266702107609,-14894.263752016266,-11960.643971317484
Sch2d95,Sch,2027,All,dN_HZ_Death,-0.2421574625674837,-0.24177191851893157,-0.2897952268437983,-0.20068575301863364
Sch2d95,Sch,2027,All,PAF_Inc,0.19343088759889826,0.1942514521033098,0.16850511060913964,0.2137763188825828
Sch2d95,Sch,2027,All,PAF_Mor,0.629280340862693,0.6305011137347192,0.579353195453887,0.670447019522393
Sch2d95,Sch,2027,All,Avt_Inc,0.0345602920641698,0.03464625244413904,0.03074202913248909,0.03778033144281341
Sch2d95,Sch,2027,All,Avt_Mor,0.14656543452626117,0.1466383372413289,0.13342739991797625,0.1588202165717476
Sch2d95,Sch,2028,All,dN_HZ,-14926.136421962574,-14946.610411909536,-16521.261187663506,-13151.123654588906
Sch2d95,Sch,2028,All,dN_HZ_Death,-0.2646675347101422,-0.26435109647954325,-0.3171671990546523,-0.21793243957293304
Sch2d95,Sch,2028,All,PAF_Inc,0.2359951042361683,0.2369263260399255,0.20261383534399952,0.26374368896199274
Sch2d95,Sch,2028,All,PAF_Mor,0.6884213294067842,0.6901831747003532,0.6326140976897975,0.7334937119721512
Sch2d95,Sch,2028,All,Avt_Inc,0.04377758406970573,0.04391844985113396,0.03888837078832019,0.04792465023633839
Sch2d95,Sch,2028,All,Avt_Mor,0.18045759405333187,0.18061424087846725,0.1644860471758573,0.19519724376543485
Sch2d95,Sch,2029,All,dN_HZ,-15932.566520308526,-15963.157981967186,-17691.626140710567,-13970.873476142298
Sch2d95,Sch,2029,All,dN_HZ_Death,-0.2817667521378581,-0.28130477601920323,-0.33877726191963153,-0.23107193137182536
Sch2d95,Sch,2029,All,PAF_Inc,0.27103119242738094,0.2720235088650006,0.23053260181133003,0.3068737293967116
Sch2d95,Sch,2029,All,PAF_Mor,0.7331026545690293,0.7359128483943325,0.6699434059296929,0.7818244635205676
Sch2d95,Sch,2029,All,Avt_Inc,0.05304754281384738,0.05318103231068225,0.04703981233130662,0.058303988019136777
Sch2d95,Sch,2029,All,Avt_Mor,0.21297553658826904,0.21316207753665178,0.19426078231821486,0.23027086495449045
Sch2d95,Sch,2030,All,dN_HZ,-16588.11069541628,-16616.140833967205,-18485.828503879045,-14446.253478083647
Sch2d95,Sch,2030,All,dN_HZ_Death,-0.2944936529737235,-0.29363861543448533,-0.35404776853132697,-0.24098986471950187
Sch2d95,Sch,2030,All,PAF_Inc,0.30384464742261375,0.30477919656559116,0.2540273667091912,0.3494958247973408
Sch2d95,Sch,2030,All,PAF_Mor,0.7681924051302857,0.7716579333199673,0.69981078252266,0.8203957939422822
Sch2d95,Sch,2030,All,Avt_Inc,0.062200641299929235,0.06233128944226039,0.054833614747550906,0.06853942059620582
Sch2d95,Sch,2030,All,Avt_Mor,0.24374876053501754,0.24406577305674101,0.22219292992443043,0.26318463775536366
Sch2d95,Sch,2031,All,dN_HZ,-16928.07436718712,-16959.959030901686,-18905.81156120179,-14666.113967766692
Sch2d95,Sch,2031,All,dN_HZ_Death,-0.30363500897964857,-0.3028144849247377,-0.3654652388275455,-0.24775877508227662
Sch2d95,Sch,2031,All,PAF_Inc,0.33417435514036675,0.33526632053355154,0.2735904119544138,0.3901976666362615
Sch2d95,Sch,2031,All,PAF_Mor,0.7958209218686859,0.7993850117211778,0.7189307196502159,0.8535756573968253
Sch2d95,Sch,2031,All,Avt_Inc,0.07110750035677632,0.07128545310431232,0.0625218779107102,0.0785187125299821
Sch2d95,Sch,2031,All,Avt_Mor,0.2726045093839838,0.273148679306237,0.248580669759396,0.29408063274827273
Sch2d95,Sch,2032,All,dN_HZ,-16989.326440262175,-17013.480586183257,-19035.7850737807,-14662.402129246904
Sch2d95,Sch,2032,All,dN_HZ_Death,-0.30909521179669947,-0.30800282791973416,-0.37224939371168786,-0.2522094351558978
Sch2d95,Sch,2032,All,PAF_Inc,0.36185452555659037,0.3626707989534672,0.28945321300749977,0.42906994944394655
Sch2d95,Sch,2032,All,PAF_Mor,0.8175550333025945,0.8214507278132597,0.7313343988089172,0.8800775121006877
Sch2d95,Sch,2032,All,Avt_Inc,0.07967057149541096,0.07988218631793159,0.06978326533070298,0.08836768284947746
Sch2d95,Sch,2032,All,Avt_Mor,0.2994336657281856,0.3000250952862885,0.2731632410966018,0.3229387713902507
Sch2d95,Sch,2033,All,dN_HZ,-16240.433621838336,-16291.513519087888,-18277.996680503602,-13872.421602478578
Sch2d95,Sch,2033,All,dN_HZ_Death,-0.3072918729497317,-0.30652747055585594,-0.37066529728117115,-0.2501705153966148
Sch2d95,Sch,2033,All,PAF_Inc,0.3738265483952613,0.37449483084403834,0.2888542360282193,0.45516763040112374
Sch2d95,Sch,2033,All,PAF_Mor,0.8263445992947079,0.8312921527520198,0.7311416739437088,0.8940428093280113
Sch2d95,Sch,2033,All,Avt_Inc,0.08747129116140591,0.08770709198449059,0.07630289147439384,0.09724575722669972
Sch2d95,Sch,2033,All,Avt_Mor,0.3237639268993856,0.3244384176268829,0.29514839847164426,0.3492409831128436
Sch2d95,Sch,2034,All,dN_HZ,-15313.251887380919,-15359.026688578493,-17327.478638707416,-12985.051595706058
Sch2d95,Sch,2034,All,dN_HZ_Death,-0.30116246119069895,-0.3004142147308072,-0.36391080923165575,-0.2445502904811039
Sch2d95,Sch,2034,All,PAF_Inc,0.3815851810200438,0.3822347415521904,0.2864874161921068,0.4767504310325113
Sch2d95,Sch,2034,All,PAF_Mor,0.8306996980276389,0.8364132369780296,0.7290164558613754,0.9047508500991533
Sch2d95,Sch,2034,All,Avt_Inc,0.09450004290379233,0.09474089737339386,0.08190916937111839,0.10541289876474813
Sch2d95,Sch,2034,All,Avt_Mor,0.3455943647879481,0.346402566471326,0.3146634243689517,0.3728488958883929
Sch2d95,Sch,2035,All,dN_HZ,-14262.918624059532,-14300.274183881933,-16193.096655987749,-11971.29971719442
Sch2d95,Sch,2035,All,dN_HZ_Death,-0.29118125348167384,-0.2905617592281481,-0.3523257622421381,-0.2361997773775764
Sch2d95,Sch,2035,All,PAF_Inc,0.38544130896369433,0.38531096024691536,0.27966364008235783,0.4953190092451246
Sch2d95,Sch,2035,All,PAF_Mor,0.8313889188763475,0.8377581656207549,0.7166846117510239,0.9124818648152347
Sch2d95,Sch,2035,All,Avt_Inc,0.10076841146696161,0.10100664375824253,0.08717152776971208,0.11269483668141156
Sch2d95,Sch,2035,All,Avt_Mor,0.3649884112066677,0.36581957169325197,0.3319073020805397,0.3937202538400013
Sch2d95,Sch,2036,All,dN_HZ,-13154.310931534184,-13200.927527202422,-14996.050368856393,-10973.757345281649
Sch2d95,Sch,2036,All,dN_HZ_Death,-0.2777218921634495,-0.2771291279392063,-0.3365785884331694,-0.2251031168598403
Sch2d95,Sch,2036,All,PAF_Inc,0.38616718813578105,0.3850788328214401,0.26943934403156405,0.50828999302829
Sch2d95,Sch,2036,All,PAF_Mor,0.828839372017373,0.8362609226641868,0.7021547323026319,0.9181627904546995
Sch2d95,Sch,2036,All,Avt_Inc,0.10631314363215537,0.10654228587011937,0.0916591236058458,0.11925989475908892
Sch2d95,Sch,2036,All,Avt_Mor,0.3820420541603298,0.38303066723876045,0.3469132313211651,0.4120570798103289
Sch2d95,Sch,2037,All,dN_HZ,-12034.204341225508,-12077.500833379989,-13793.658261079707,-9987.720797594991
Sch2d95,Sch,2037,All,dN_HZ_Death,-0.25973282669841996,-0.2588912498809461,-0.31464101533639,-0.21148486840424408
Sch2d95,Sch,2037,All,PAF_Inc,0.3843660697791657,0.3822711841780094,0.2592120465534043,0.5206716263419885
Sch2d95,Sch,2037,All,PAF_Mor,0.822813088994599,0.8312423621232736,0.6816682867055229,0.9219210586753205
Sch2d95,Sch,2037,All,Avt_Inc,0.11118486460557131,0.11145059481070668,0.09579537050693053,0.12519329276089697
Sch2d95,Sch,2037,All,Avt_Mor,0.3967834707396293,0.39787060129274304,0.3594194838760366,0.42799298937497315
Sch2d95,Sch,2038,All,dN_HZ,-11130.268063048668,-11163.021335582012,-12815.528876717768,-9242.702869373821
Sch2d95,Sch,2038,All,dN_HZ_Death,-0.23920312489831566,-0.23820380521744572,-0.289948908578573,-0.19526037767929855
Sch2d95,Sch,2038,All,PAF_Inc,0.38662537686521176,0.38363739845540445,0.2535845780941469,0.5377504400887342
Sch2d95,Sch,2038,All,PAF_Mor,0.8151084883465943,0.8245612628822534,0.6586949823795174,0.9256689138944183
Sch2d95,Sch,2038,All,Avt_Inc,0.11554540091633762,0.11579486539191246,0.09902717208973251,0.13064040579459957
Sch2d95,Sch,2038,All,Avt_Mor,0.4093796201644004,0.41056455963395216,0.36991362930044963,0.4419333392213556
Sch2d95,Sch,2039,All,dN_HZ,-9957.499865153271,-9992.508578225541,-11533.312618203696,-8201.571515362915
Sch2d95,Sch,2039,All,dN_HZ_Death,-0.2155338821751192,-0.2145749265838422,-0.2608882373665425,-0.176122549011924
Sch2d95,Sch,2039,All,PAF_Inc,0.37743627209646136,0.37439795165303325,0.23918648095264886,0.5379363035851139
Sch2d95,Sch,2039,All,PAF_Mor,0.8007701353079011,0.8103016469626698,0.6260133844750011,0.923821837605405
Sch2d95,Sch,2039,All,Avt_Inc,0.11928247029023563,0.11952549533510823,0.10149853777572729,0.13545617965276244
Sch2d95,Sch,2039,All,Avt_Mor,0.4198729530234676,0.421205331012075,0.3788121196642157,0.45355593741375105
Sch2d95,Sch,2040,All,dN_HZ,-8837.72042245465,-8869.115793451749,-10268.595204111036,-7236.292806193553
Sch2d95,Sch,2040,All,dN_HZ_Death,-0.19042530033942434,-0.18942240526681675,-0.2303961989574668,-0.15636946362090492
Sch2d95,Sch,2040,All,PAF_Inc,0.3666588415320169,0.3617520305030861,0.22524760834219643,0.5370779650565551
Sch2d95,Sch,2040,All,PAF_Mor,0.7816643770584446,0.7914646551218643,0.5886010889613996,0.9212498832465974
Sch2d95,Sch,2040,All,Avt_Inc,0.12245734433567496,0.12269787979026517,0.10349286185540105,0.13949541434539528
Sch2d95,Sch,2040,All,Avt_Mor,0.4284098184278919,0.4300070620726276,0.38510209361249514,0.46325734873854296
Sch2d95,Sch,2041,All,dN_HZ,-7797.550886736431,-7836.326846904225,-9080.801276607928,-6345.80459419019
Sch2d95,Sch,2041,All,dN_HZ_Death,-0.16479070009211033,-0.16417117595799838,-0.19926513308778063,-0.13532232906244065
Sch2d95,Sch,2041,All,PAF_Inc,0.35509694424516225,0.34850320414702274,0.21039274976412678,0.5357934428145931
Sch2d95,Sch,2041,All,PAF_Mor,0.7569538372524419,0.7662313380439696,0.5444286718059348,0.9169539658818605
Sch2d95,Sch,2041,All,Avt_Inc,0.1251368951706154,0.12538405507293704,0.10514427046919476,0.14302413183643276
Sch2d95,Sch,2041,All,Avt_Mor,0.4351479442423243,0.4367539086524177,0.3889199182179603,0.47071445191561395
Sch2d95,Sch,2042,All,dN_HZ,-6843.975655152633,-6872.720833282348,-7984.997178068949,-5542.600232767314
Sch2d95,Sch,2042,All,dN_HZ_Death,-0.1391740281523499,-0.13848192379565338,-0.16773433580870586,-0.11416214179373751
Sch2d95,Sch,2042,All,PAF_Inc,0.34318086027604794,0.3344688776599391,0.1961691192203604,0.5333309074827361
Sch2d95,Sch,2042,All,PAF_Mor,0.7254438004951387,0.7332925563617358,0.49544678788160157,0.9090577455548852
Sch2d95,Sch,2042,All,Avt_Inc,0.12738494416400725,0.12761125345596205,0.10664193866264757,0.14601212879278325
Sch2d95,Sch,2042,All,Avt_Mor,0.44023825994797344,0.44218942846554177,0.3919667819385442,0.4768047379744155
Sch2d95,Sch,2043,All,dN_HZ,-5990.364050178867,-6012.242598135881,-6994.563872716998,-4838.970544594184
Sch2d95,Sch,2043,All,dN_HZ_Death,-0.11669646972851827,-0.11609035559952388,-0.1410038291931674,-0.0950562653316353
Sch2d95,Sch,2043,All,PAF_Inc,0.3317729407638089,0.32152160084759573,0.18443489562619597,0.5292973630039037
Sch2d95,Sch,2043,All,PAF_Mor,0.6902399070885239,0.6946901653249727,0.44625628104632264,0.8971426889238433
Sch2d95,Sch,2043,All,Avt_Inc,0.1292662348268278,0.12947295290674157,0.1077758807254069,0.14866552526145796
Sch2d95,Sch,2043,All,Avt_Mor,0.44396469695976387,0.4461971504004283,0.39420442308787323,0.4814711621522378
Sch2d95,Sch,2044,All,dN_HZ,-5082.4205807482385,-5101.536566606031,-5949.368359374941,-4087.592905983443
Sch2d95,Sch,2044,All,dN_HZ_Death,-0.09695735570784786,-0.09643621145434422,-0.11815028780429426,-0.07818214411336293
Sch2d95,Sch,2044,All,PAF_Inc,0.3128735652512764,0.30116743901076504,0.16865852856995445,0.5131067321259981
Sch2d95,Sch,2044,All,PAF_Mor,0.6498090378654938,0.6506025648823481,0.3969770525776527,0.8806052169489689
Sch2d95,Sch,2044,All,Avt_Inc,0.13076373620600573,0.13095393840432962,0.10852184727292336,0.1509076574097291
Sch2d95,Sch,2044,All,Avt_Mor,0.4465408842360667,0.44882445216689354,0.39517105876486475,0.48499508966102917
Sch2d95,Sch,2045,All,dN_HZ,-4267.754328980144,-4284.054076652848,-4998.540698248007,-3433.8373932093277
Sch2d95,Sch,2045,All,dN_HZ_Death,-0.08022657213452694,-0.07985686940969017,-0.09853002286196157,-0.06372194897494747
Sch2d95,Sch,2045,All,PAF_Inc,0.29374661806247776,0.2804817464894998,0.15304614346511783,0.49353850369436225
Sch2d95,Sch,2045,All,PAF_Mor,0.6067975357905462,0.6024133383357388,0.35197704355304865,0.860440914993213
Sch2d95,Sch,2045,All,Avt_Inc,0.13193345444989396,0.1321528730476044,0.10936198637423519,0.15274833261155374
Sch2d95,Sch,2045,All,Avt_Mor,0.4481823154762024,0.4505136549011739,0.39479148908487727,0.48766738765518375
Sch2d95,Sch,2046,All,dN_HZ,-3546.116376573165,-3559.2732468163767,-4173.677496924424,-2822.684783714434
Sch2d95,Sch,2046,All,dN_HZ_Death,-0.06613255028693953,-0.0659444863152081,-0.0825415900841606,-0.05098041116887997
Sch2d95,Sch,2046,All,PAF_Inc,0.2746971726693107,0.26011841854719586,0.13913193803372872,0.4772066091035429
Sch2d95,Sch,2046,All,PAF_Mor,0.5622129554816749,0.5531637153001732,0.310761468272848,0.8354058363324972
Sch2d95,Sch,2046,All,Avt_Inc,0.13282754528285287,0.1330921972139797,0.1099316364560095,0.15425393098302667
Sch2d95,Sch,2046,All,Avt_Mor,0.4490707819045112,0.45150304119264684,0.39418953190498096,0.48963685539208984
Sch2d95,Sch,2047,All,dN_HZ,-2897.6736397361956,-2905.3087797903518,-3420.388475097897,-2301.3143638706047
Sch2d95,Sch,2047,All,dN_HZ_Death,-0.053796085364109125,-0.053662390177958666,-0.06855350589160203,-0.040037161094216886
Sch2d95,Sch,2047,All,PAF_Inc,0.25504562864406877,0.23941240419640164,0.12540306245268618,0.45686855942162147
Sch2d95,Sch,2047,All,PAF_Mor,0.515266372011889,0.5013002525491574,0.27303440959454456,0.803825206931055
Sch2d95,Sch,2047,All,Avt_Inc,0.13348671177130836,0.13375112957984908,0.11019770594854578,0.15549867574434298
Sch2d95,Sch,2047,All,Avt_Mor,0.44933963369264107,0.45216133542054116,0.3930815364747878,0.4909471906142583
Sch2d95,Sch,2048,All,dN_HZ,-2351.612796920528,-2355.8878315742186,-2787.028313416931,-1862.7414751400524
Sch2d95,Sch,2048,All,dN_HZ_Death,-0.043204013583779455,-0.04316985421202629,-0.05666071680177311,-0.030570473512556644
Sch2d95,Sch,2048,All,PAF_Inc,0.23650209160983673,0.21996622567039853,0.11429669372019474,0.43530540453666855
Sch2d95,Sch,2048,All,PAF_Mor,0.46618875210845145,0.44593693056543743,0.2360844845477851,0.7657890045426097
Sch2d95,Sch,2048,All,Avt_Inc,0.13396017048352327,0.134264017036264,0.11018061294725849,0.15652618373191116
Sch2d95,Sch,2048,All,Avt_Mor,0.4491060598442254,0.452199021598679,0.3910331016114443,0.49202642877073316
Sch2d95,Sch,2049,All,dN_HZ,-1893.593114284182,-1897.4736578956272,-2252.7556768892177,-1493.222661395771
Sch2d95,Sch,2049,All,dN_HZ_Death,-0.034732405608542266,-0.03471539116297609,-0.04662821255977747,-0.02306532399383801
Sch2d95,Sch,2049,All,PAF_Inc,0.21923782988629703,0.20253980116340192,0.10381535539406393,0.41649193748912106
Sch2d95,Sch,2049,All,PAF_Mor,0.42110525635979357,0.39739010989884416,0.20801287075704414,0.7264992676030108
Sch2d95,Sch,2049,All,Avt_Inc,0.13428917328283993,0.134584996788383,0.11009464000965309,0.1573173246964078
Sch2d95,Sch,2049,All,Avt_Mor,0.44852207203804667,0.451852857023405,0.38801568814077003,0.49260375914412036
Sch2d95,Sch,2050,All,dN_HZ,-1509.2394368444066,-1513.0738314708096,-1799.5270114519017,-1182.0624147828166
Sch2d95,Sch,2050,All,dN_HZ_Death,-0.02784853570365546,-0.0279700195667726,-0.038389692856485955,-0.017277262810119706
Sch2d95,Sch,2050,All,PAF_Inc,0.20299619335878533,0.18565679895699558,0.09414158555940973,0.39421114557512493
Sch2d95,Sch,2050,All,PAF_Mor,0.38045602857990596,0.3556782922822629,0.18316211128025003,0.6811762754220878
Sch2d95,Sch,2050,All,Avt_Inc,0.13450667210835668,0.1347771293421316,0.10996625725776532,0.15791864128109298
Sch2d95,Sch,2050,All,Avt_Mor,0.4477122470851206,0.45120065293078637,0.38541580658922747,0.493050003799834
