Scenario,Baseline,Year,Agp,Index,A,M,L,U
Sch,Sch,2013,All,dN_HZ,0,0,0,0
Sch,Sch,2013,All,dN_HZ_Death,0,0,0,0
Sch,Sch,2013,All,PAF_Inc,0,0,-0,-0
Sch,Sch,2013,All,PAF_Mor,0,0,-0,-0
Sch,Sch,2013,All,Avt_Inc,0,0,-0,-0
Sch,Sch,2013,All,Avt_Mor,0,0,-0,-0
Sch,Sch,2014,All,dN_HZ,0,0,0,0
Sch,Sch,2014,All,dN_HZ_Death,0,0,0,0
Sch,Sch,2014,All,PAF_Inc,0,0,-0,-0
Sch,Sch,2014,All,PAF_Mor,0,0,-0,-0
Sch,Sch,2014,All,Avt_Inc,0,0,-0,-0
Sch,Sch,2014,All,Avt_Mor,0,0,-0,-0
Sch,Sch,2015,All,dN_HZ,0,0,0,0
Sch,Sch,2015,All,dN_HZ_Death,0,0,0,0
Sch,Sch,2015,All,PAF_Inc,0,0,-0,-0
Sch,Sch,2015,All,PAF_Mor,0,0,-0,-0
Sch,Sch,2015,All,Avt_Inc,0,0,-0,-0
Sch,Sch,2015,All,Avt_Mor,0,0,-0,-0
Sch,Sch,2016,All,dN_HZ,0,0,0,0
Sch,Sch,2016,All,dN_HZ_Death,0,0,0,0
Sch,Sch,2016,All,PAF_Inc,0,0,-0,-0
Sch,Sch,2016,All,PAF_Mor,0,0,-0,-0
Sch,Sch,2016,All,Avt_Inc,0,0,-0,-0
Sch,Sch,2016,All,Avt_Mor,0,0,-0,-0
Sch,Sch,2017,All,dN_HZ,0,0,0,0
Sch,Sch,2017,All,dN_HZ_Death,0,0,0,0
Sch,Sch,2017,All,PAF_Inc,0,0,-0,-0
Sch,Sch,2017,All,PAF_Mor,0,0,-0,-0
Sch,Sch,2017,All,Avt_Inc,0,0,-0,-0
Sch,Sch,2017,All,Avt_Mor,0,0,-0,-0
Sch,Sch,2018,All,dN_HZ,0,0,0,0
Sch,Sch,2018,All,dN_HZ_Death,0,0,0,0
Sch,Sch,2018,All,PAF_Inc,0,0,-0,-0
Sch,Sch,2018,All,PAF_Mor,0,0,-0,-0
Sch,Sch,2018,All,Avt_Inc,0,0,-0,-0
Sch,Sch,2018,All,Avt_Mor,0,0,-0,-0
Sch,Sch,2019,All,dN_HZ,0,0,0,0
Sch,Sch,2019,All,dN_HZ_Death,0,0,0,0
Sch,Sch,2019,All,PAF_Inc,0,0,-0,-0
Sch,Sch,2019,All,PAF_Mor,0,0,-0,-0
Sch,Sch,2019,All,Avt_Inc,0,0,-0,-0
Sch,Sch,2019,All,Avt_Mor,0,0,-0,-0
Sch,Sch,2020,All,dN_HZ,0,0,0,0
Sch,Sch,2020,All,dN_HZ_Death,0,0,0,0
Sch,Sch,2020,All,PAF_Inc,0,0,-0,-0
Sch,Sch,2020,All,PAF_Mor,0,0,-0,-0
Sch,Sch,2020,All,Avt_Inc,0,0,-0,-0
Sch,Sch,2020,All,Avt_Mor,0,0,-0,-0
Sch,Sch,2021,All,dN_HZ,0,0,0,0
Sch,Sch,2021,All,dN_HZ_Death,0,0,0,0
Sch,Sch,2021,All,PAF_Inc,0,0,-0,-0
Sch,Sch,2021,All,PAF_Mor,0,0,-0,-0
Sch,Sch,2021,All,Avt_Inc,0,0,-0,-0
Sch,Sch,2021,All,Avt_Mor,0,0,-0,-0
Sch,Sch,2022,All,dN_HZ,0,0,0,0
Sch,Sch,2022,All,dN_HZ_Death,0,0,0,0
Sch,Sch,2022,All,PAF_Inc,0,0,-0,-0
Sch,Sch,2022,All,PAF_Mor,0,0,-0,-0
Sch,Sch,2022,All,Avt_Inc,0,0,-0,-0
Sch,Sch,2022,All,Avt_Mor,0,0,-0,-0
Sch,Sch,2023,All,dN_HZ,0,0,0,0
Sch,Sch,2023,All,dN_HZ_Death,0,0,0,0
Sch,Sch,2023,All,PAF_Inc,0,0,-0,-0
Sch,Sch,2023,All,PAF_Mor,0,0,-0,-0
Sch,Sch,2023,All,Avt_Inc,0,0,-0,-0
Sch,Sch,2023,All,Avt_Mor,0,0,-0,-0
Sch,Sch,2024,All,dN_HZ,0,0,0,0
Sch,Sch,2024,All,dN_HZ_Death,0,0,0,0
Sch,Sch,2024,All,PAF_Inc,0,0,-0,-0
Sch,Sch,2024,All,PAF_Mor,0,0,-0,-0
Sch,Sch,2024,All,Avt_Inc,0,0,-0,-0
Sch,Sch,2024,All,Avt_Mor,0,0,-0,-0
Sch,Sch,2025,All,dN_HZ,0,0,0,0
Sch,Sch,2025,All,dN_HZ_Death,0,0,0,0
Sch,Sch,2025,All,PAF_Inc,0,0,-0,-0
Sch,Sch,2025,All,PAF_Mor,0,0,-0,-0
Sch,Sch,2025,All,Avt_Inc,0,0,-0,-0
Sch,Sch,2025,All,Avt_Mor,0,0,-0,-0
Sch,Sch,2026,All,dN_HZ,0,0,0,0
Sch,Sch,2026,All,dN_HZ_Death,0,0,0,0
Sch,Sch,2026,All,PAF_Inc,0,0,-0,-0
Sch,Sch,2026,All,PAF_Mor,0,0,-0,-0
Sch,Sch,2026,All,Avt_Inc,0,0,-0,-0
Sch,Sch,2026,All,Avt_Mor,0,0,-0,-0
Sch,Sch,2027,All,dN_HZ,0,0,0,0
Sch,Sch,2027,All,dN_HZ_Death,0,0,0,0
Sch,Sch,2027,All,PAF_Inc,0,0,-0,-0
Sch,Sch,2027,All,PAF_Mor,0,0,-0,-0
Sch,Sch,2027,All,Avt_Inc,0,0,-0,-0
Sch,Sch,2027,All,Avt_Mor,0,0,-0,-0
Sch,Sch,2028,All,dN_HZ,0,0,0,0
Sch,Sch,2028,All,dN_HZ_Death,0,0,0,0
Sch,Sch,2028,All,PAF_Inc,0,0,-0,-0
Sch,Sch,2028,All,PAF_Mor,0,0,-0,-0
Sch,Sch,2028,All,Avt_Inc,0,0,-0,-0
Sch,Sch,2028,All,Avt_Mor,0,0,-0,-0
Sch,Sch,2029,All,dN_HZ,0,0,0,0
Sch,Sch,2029,All,dN_HZ_Death,0,0,0,0
Sch,Sch,2029,All,PAF_Inc,0,0,-0,-0
Sch,Sch,2029,All,PAF_Mor,0,0,-0,-0
Sch,Sch,2029,All,Avt_Inc,0,0,-0,-0
Sch,Sch,2029,All,Avt_Mor,0,0,-0,-0
Sch,Sch,2030,All,dN_HZ,0,0,0,0
Sch,Sch,2030,All,dN_HZ_Death,0,0,0,0
Sch,Sch,2030,All,PAF_Inc,0,0,-0,-0
Sch,Sch,2030,All,PAF_Mor,0,0,-0,-0
Sch,Sch,2030,All,Avt_Inc,0,0,-0,-0
Sch,Sch,2030,All,Avt_Mor,0,0,-0,-0
Sch,Sch,2031,All,dN_HZ,0,0,0,0
Sch,Sch,2031,All,dN_HZ_Death,0,0,0,0
Sch,Sch,2031,All,PAF_Inc,0,0,-0,-0
Sch,Sch,2031,All,PAF_Mor,0,0,-0,-0
Sch,Sch,2031,All,Avt_Inc,0,0,-0,-0
Sch,Sch,2031,All,Avt_Mor,0,0,-0,-0
Sch,Sch,2032,All,dN_HZ,0,0,0,0
Sch,Sch,2032,All,dN_HZ_Death,0,0,0,0
Sch,Sch,2032,All,PAF_Inc,0,0,-0,-0
Sch,Sch,2032,All,PAF_Mor,0,0,-0,-0
Sch,Sch,2032,All,Avt_Inc,0,0,-0,-0
Sch,Sch,2032,All,Avt_Mor,0,0,-0,-0
Sch,Sch,2033,All,dN_HZ,0,0,0,0
Sch,Sch,2033,All,dN_HZ_Death,0,0,0,0
Sch,Sch,2033,All,PAF_Inc,0,0,-0,-0
Sch,Sch,2033,All,PAF_Mor,0,0,-0,-0
Sch,Sch,2033,All,Avt_Inc,0,0,-0,-0
Sch,Sch,2033,All,Avt_Mor,0,0,-0,-0
Sch,Sch,2034,All,dN_HZ,0,0,0,0
Sch,Sch,2034,All,dN_HZ_Death,0,0,0,0
Sch,Sch,2034,All,PAF_Inc,0,0,-0,-0
Sch,Sch,2034,All,PAF_Mor,0,0,-0,-0
Sch,Sch,2034,All,Avt_Inc,0,0,-0,-0
Sch,Sch,2034,All,Avt_Mor,0,0,-0,-0
Sch,Sch,2035,All,dN_HZ,0,0,0,0
Sch,Sch,2035,All,dN_HZ_Death,0,0,0,0
Sch,Sch,2035,All,PAF_Inc,0,0,-0,-0
Sch,Sch,2035,All,PAF_Mor,0,0,-0,-0
Sch,Sch,2035,All,Avt_Inc,0,0,-0,-0
Sch,Sch,2035,All,Avt_Mor,0,0,-0,-0
Sch,Sch,2036,All,dN_HZ,0,0,0,0
Sch,Sch,2036,All,dN_HZ_Death,0,0,0,0
Sch,Sch,2036,All,PAF_Inc,0,0,-0,-0
Sch,Sch,2036,All,PAF_Mor,0,0,-0,-0
Sch,Sch,2036,All,Avt_Inc,0,0,-0,-0
Sch,Sch,2036,All,Avt_Mor,0,0,-0,-0
Sch,Sch,2037,All,dN_HZ,0,0,0,0
Sch,Sch,2037,All,dN_HZ_Death,0,0,0,0
Sch,Sch,2037,All,PAF_Inc,0,0,-0,-0
Sch,Sch,2037,All,PAF_Mor,0,0,-0,-0
Sch,Sch,2037,All,Avt_Inc,0,0,-0,-0
Sch,Sch,2037,All,Avt_Mor,0,0,-0,-0
Sch,Sch,2038,All,dN_HZ,0,0,0,0
Sch,Sch,2038,All,dN_HZ_Death,0,0,0,0
Sch,Sch,2038,All,PAF_Inc,0,0,-0,-0
Sch,Sch,2038,All,PAF_Mor,0,0,-0,-0
Sch,Sch,2038,All,Avt_Inc,0,0,-0,-0
Sch,Sch,2038,All,Avt_Mor,0,0,-0,-0
Sch,Sch,2039,All,dN_HZ,0,0,0,0
Sch,Sch,2039,All,dN_HZ_Death,0,0,0,0
Sch,Sch,2039,All,PAF_Inc,0,0,-0,-0
Sch,Sch,2039,All,PAF_Mor,0,0,-0,-0
Sch,Sch,2039,All,Avt_Inc,0,0,-0,-0
Sch,Sch,2039,All,Avt_Mor,0,0,-0,-0
Sch,Sch,2040,All,dN_HZ,0,0,0,0
Sch,Sch,2040,All,dN_HZ_Death,0,0,0,0
Sch,Sch,2040,All,PAF_Inc,0,0,-0,-0
Sch,Sch,2040,All,PAF_Mor,0,0,-0,-0
Sch,Sch,2040,All,Avt_Inc,0,0,-0,-0
Sch,Sch,2040,All,Avt_Mor,0,0,-0,-0
Sch,Sch,2041,All,dN_HZ,0,0,0,0
Sch,Sch,2041,All,dN_HZ_Death,0,0,0,0
Sch,Sch,2041,All,PAF_Inc,0,0,-0,-0
Sch,Sch,2041,All,PAF_Mor,0,0,-0,-0
Sch,Sch,2041,All,Avt_Inc,0,0,-0,-0
Sch,Sch,2041,All,Avt_Mor,0,0,-0,-0
Sch,Sch,2042,All,dN_HZ,0,0,0,0
Sch,Sch,2042,All,dN_HZ_Death,0,0,0,0
Sch,Sch,2042,All,PAF_Inc,0,0,-0,-0
Sch,Sch,2042,All,PAF_Mor,0,0,-0,-0
Sch,Sch,2042,All,Avt_Inc,0,0,-0,-0
Sch,Sch,2042,All,Avt_Mor,0,0,-0,-0
Sch,Sch,2043,All,dN_HZ,0,0,0,0
Sch,Sch,2043,All,dN_HZ_Death,0,0,0,0
Sch,Sch,2043,All,PAF_Inc,0,0,-0,-0
Sch,Sch,2043,All,PAF_Mor,0,0,-0,-0
Sch,Sch,2043,All,Avt_Inc,0,0,-0,-0
Sch,Sch,2043,All,Avt_Mor,0,0,-0,-0
Sch,Sch,2044,All,dN_HZ,0,0,0,0
Sch,Sch,2044,All,dN_HZ_Death,0,0,0,0
Sch,Sch,2044,All,PAF_Inc,0,0,-0,-0
Sch,Sch,2044,All,PAF_Mor,0,0,-0,-0
Sch,Sch,2044,All,Avt_Inc,0,0,-0,-0
Sch,Sch,2044,All,Avt_Mor,0,0,-0,-0
Sch,Sch,2045,All,dN_HZ,0,0,0,0
Sch,Sch,2045,All,dN_HZ_Death,0,0,0,0
Sch,Sch,2045,All,PAF_Inc,0,0,-0,-0
Sch,Sch,2045,All,PAF_Mor,0,0,-0,-0
Sch,Sch,2045,All,Avt_Inc,0,0,-0,-0
Sch,Sch,2045,All,Avt_Mor,0,0,-0,-0
Sch,Sch,2046,All,dN_HZ,0,0,0,0
Sch,Sch,2046,All,dN_HZ_Death,0,0,0,0
Sch,Sch,2046,All,PAF_Inc,0,0,-0,-0
Sch,Sch,2046,All,PAF_Mor,0,0,-0,-0
Sch,Sch,2046,All,Avt_Inc,0,0,-0,-0
Sch,Sch,2046,All,Avt_Mor,0,0,-0,-0
Sch,Sch,2047,All,dN_HZ,0,0,0,0
Sch,Sch,2047,All,dN_HZ_Death,0,0,0,0
Sch,Sch,2047,All,PAF_Inc,0,0,-0,-0
Sch,Sch,2047,All,PAF_Mor,0,0,-0,-0
Sch,Sch,2047,All,Avt_Inc,0,0,-0,-0
Sch,Sch,2047,All,Avt_Mor,0,0,-0,-0
Sch,Sch,2048,All,dN_HZ,0,0,0,0
Sch,Sch,2048,All,dN_HZ_Death,0,0,0,0
Sch,Sch,2048,All,PAF_Inc,0,0,-0,-0
Sch,Sch,2048,All,PAF_Mor,0,0,-0,-0
Sch,Sch,2048,All,Avt_Inc,0,0,-0,-0
Sch,Sch,2048,All,Avt_Mor,0,0,-0,-0
Sch,Sch,2049,All,dN_HZ,0,0,0,0
Sch,Sch,2049,All,dN_HZ_Death,0,0,0,0
Sch,Sch,2049,All,PAF_Inc,0,0,-0,-0
Sch,Sch,2049,All,PAF_Mor,0,0,-0,-0
Sch,Sch,2049,All,Avt_Inc,0,0,-0,-0
Sch,Sch,2049,All,Avt_Mor,0,0,-0,-0
Sch,Sch,2050,All,dN_HZ,0,0,0,0
Sch,Sch,2050,All,dN_HZ_Death,0,0,0,0
Sch,Sch,2050,All,PAF_Inc,0,0,-0,-0
Sch,Sch,2050,All,PAF_Mor,0,0,-0,-0
Sch,Sch,2050,All,Avt_Inc,0,0,-0,-0
Sch,Sch,2050,All,Avt_Mor,0,0,-0,-0
Sch1d85,Sch,2013,All,dN_HZ,0,0,0,0
Sch1d85,Sch,2013,All,dN_HZ_Death,0,0,0,0
Sch1d85,Sch,2013,All,PAF_Inc,0,0,-0,-0
Sch1d85,Sch,2013,All,PAF_Mor,0,0,-0,-0
Sch1d85,Sch,2013,All,Avt_Inc,0,0,-0,-0
Sch1d85,Sch,2013,All,Avt_Mor,0,0,-0,-0
Sch1d85,Sch,2014,All,dN_HZ,0,0,0,0
Sch1d85,Sch,2014,All,dN_HZ_Death,0,0,0,0
Sch1d85,Sch,2014,All,PAF_Inc,0,0,-0,-0
Sch1d85,Sch,2014,All,PAF_Mor,0,0,-0,-0
Sch1d85,Sch,2014,All,Avt_Inc,0,0,-0,-0
Sch1d85,Sch,2014,All,Avt_Mor,0,0,-0,-0
Sch1d85,Sch,2015,All,dN_HZ,0,0,0,0
Sch1d85,Sch,2015,All,dN_HZ_Death,0,0,0,0
Sch1d85,Sch,2015,All,PAF_Inc,0,0,-0,-0
Sch1d85,Sch,2015,All,PAF_Mor,0,0,-0,-0
Sch1d85,Sch,2015,All,Avt_Inc,0,0,-0,-0
Sch1d85,Sch,2015,All,Avt_Mor,0,0,-0,-0
Sch1d85,Sch,2016,All,dN_HZ,0,0,0,0
Sch1d85,Sch,2016,All,dN_HZ_Death,0,0,0,0
Sch1d85,Sch,2016,All,PAF_Inc,0,0,-0,-0
Sch1d85,Sch,2016,All,PAF_Mor,0,0,-0,-0
Sch1d85,Sch,2016,All,Avt_Inc,0,0,-0,-0
Sch1d85,Sch,2016,All,Avt_Mor,0,0,-0,-0
Sch1d85,Sch,2017,All,dN_HZ,0,0,0,0
Sch1d85,Sch,2017,All,dN_HZ_Death,0,0,0,0
Sch1d85,Sch,2017,All,PAF_Inc,0,0,-0,-0
Sch1d85,Sch,2017,All,PAF_Mor,0,0,-0,-0
Sch1d85,Sch,2017,All,Avt_Inc,0,0,-0,-0
Sch1d85,Sch,2017,All,Avt_Mor,0,0,-0,-0
Sch1d85,Sch,2018,All,dN_HZ,0,0,0,0
Sch1d85,Sch,2018,All,dN_HZ_Death,0,0,0,0
Sch1d85,Sch,2018,All,PAF_Inc,0,0,-0,-0
Sch1d85,Sch,2018,All,PAF_Mor,0,0,-0,-0
Sch1d85,Sch,2018,All,Avt_Inc,0,0,-0,-0
Sch1d85,Sch,2018,All,Avt_Mor,0,0,-0,-0
Sch1d85,Sch,2019,All,dN_HZ,0,0,0,0
Sch1d85,Sch,2019,All,dN_HZ_Death,0,0,0,0
Sch1d85,Sch,2019,All,PAF_Inc,0,0,-0,-0
Sch1d85,Sch,2019,All,PAF_Mor,0,0,-0,-0
Sch1d85,Sch,2019,All,Avt_Inc,0,0,-0,-0
Sch1d85,Sch,2019,All,Avt_Mor,0,0,-0,-0
Sch1d85,Sch,2020,All,dN_HZ,0,0,0,0
Sch1d85,Sch,2020,All,dN_HZ_Death,0,0,0,0
Sch1d85,Sch,2020,All,PAF_Inc,0,0,-0,-0
Sch1d85,Sch,2020,All,PAF_Mor,0,0,-0,-0
Sch1d85,Sch,2020,All,Avt_Inc,0,0,-0,-0
Sch1d85,Sch,2020,All,Avt_Mor,0,0,-0,-0
Sch1d85,Sch,2021,All,dN_HZ,0,0,0,0
Sch1d85,Sch,2021,All,dN_HZ_Death,0,0,0,0
Sch1d85,Sch,2021,All,PAF_Inc,0,0,-0,-0
Sch1d85,Sch,2021,All,PAF_Mor,0,0,-0,-0
Sch1d85,Sch,2021,All,Avt_Inc,0,0,-0,-0
Sch1d85,Sch,2021,All,Avt_Mor,0,0,-0,-0
Sch1d85,Sch,2022,All,dN_HZ,0,0,0,0
Sch1d85,Sch,2022,All,dN_HZ_Death,0,0,0,0
Sch1d85,Sch,2022,All,PAF_Inc,0,0,-0,-0
Sch1d85,Sch,2022,All,PAF_Mor,0,0,-0,-0
Sch1d85,Sch,2022,All,Avt_Inc,0,0,-0,-0
Sch1d85,Sch,2022,All,Avt_Mor,0,0,-0,-0
Sch1d85,Sch,2023,All,dN_HZ,-1545.131750896199,-1560.396149457556,-2441.210346968821,-492.29062306309163
Sch1d85,Sch,2023,All,dN_HZ_Death,-0.01537148001900182,-0.01530846354539031,-0.024033053095999575,-0.005402962798317275
Sch1d85,Sch,2023,All,PAF_Inc,0.016047946249024655,0.016227153828622047,0.005085420688136738,0.02519893467459464
Sch1d85,Sch,2023,All,PAF_Mor,0.03976218944373758,0.040234864696202285,0.014325747963495292,0.05953023821590517
Sch1d85,Sch,2023,All,Avt_Inc,0.0015470119468672802,0.001559748958317662,4.962657024168765e-4,0.0024257031567294462
Sch1d85,Sch,2023,All,Avt_Mor,0.003634742256540156,0.003666524395628739,0.0013209001069370077,0.005503080746479889
Sch1d85,Sch,2024,All,dN_HZ,-2937.2185617742916,-2933.2198896382833,-4582.852093894463,-1005.6363104651304
Sch1d85,Sch,2024,All,dN_HZ_Death,-0.031016687198199347,-0.03114672317552597,-0.04697213307054953,-0.012042810385648315
Sch1d85,Sch,2024,All,PAF_Inc,0.030668800009325852,0.0307945629030972,0.010144562054602974,0.04811910819720039
Sch1d85,Sch,2024,All,PAF_Mor,0.07964004766507463,0.0807123593378532,0.03056622206097883,0.11739047865905473
Sch1d85,Sch,2024,All,Avt_Inc,0.004095115301556836,0.0041240894900731705,0.0013692688957097701,0.006388644575743239
Sch1d85,Sch,2024,All,Avt_Mor,0.010043809589295672,0.01008798282263614,0.0038258893762783885,0.01500933145454372
Sch1d85,Sch,2025,All,dN_HZ,-4147.490330763436,-4152.927268619496,-6420.933737537873,-1505.1079845613338
Sch1d85,Sch,2025,All,dN_HZ_Death,-0.047064134255718246,-0.04759696548398315,-0.06972503692769635,-0.019796348097568903
Sch1d85,Sch,2025,All,PAF_Inc,0.04374500819615857,0.043929891614228195,0.014981208127406173,0.06852328315734486
Sch1d85,Sch,2025,All,PAF_Mor,0.11994208197015273,0.12197145420751192,0.04881566912971282,0.17346527459235253
Sch1d85,Sch,2025,All,Avt_Inc,0.007255750381838938,0.007301553768735034,0.00250344596729298,0.011270631113838518
Sch1d85,Sch,2025,All,Avt_Mor,0.018648558664917676,0.01877974575689277,0.007427752857076552,0.02761242075558112
Sch1d85,Sch,2026,All,dN_HZ,-5222.281718206366,-5200.842144206166,-7991.491281898155,-1971.3019288933042
Sch1d85,Sch,2026,All,dN_HZ_Death,-0.06396556903616755,-0.06496884471483819,-0.09448872099231827,-0.02845570349908131
Sch1d85,Sch,2026,All,PAF_Inc,0.055989768037244994,0.05592578313204476,0.01956763202944557,0.08717886120514717
Sch1d85,Sch,2026,All,PAF_Mor,0.16192950567043474,0.16515857862569205,0.06901394124508763,0.22889173341529748
Sch1d85,Sch,2026,All,Avt_Inc,0.01079942215334724,0.010837532085410315,0.0038202321041199906,0.016717447062590308
Sch1d85,Sch,2026,All,Avt_Mor,0.029115893618034083,0.029286652389993263,0.01205838502612676,0.04253395477490026
Sch1d85,Sch,2027,All,dN_HZ,-6368.925958114424,-6336.712137212446,-9723.686230994219,-2490.938022873308
Sch1d85,Sch,2027,All,dN_HZ_Death,-0.08304401948398432,-0.08396884361486653,-0.12166066452108702,-0.03862701288165855
Sch1d85,Sch,2027,All,PAF_Inc,0.06976917177814308,0.06983553275462409,0.02471289681117948,0.10934458048743652
Sch1d85,Sch,2027,All,PAF_Mor,0.20909371717035616,0.21389036645707182,0.09241831247688018,0.29238901408862433
Sch1d85,Sch,2027,All,Avt_Inc,0.014716935112032146,0.014737518913773246,0.005314950734732728,0.02267550430160461
Sch1d85,Sch,2027,All,Avt_Mor,0.04142916834486913,0.04182194160983192,0.017767317547227584,0.05978976948620768
Sch1d85,Sch,2028,All,dN_HZ,-7346.1031447513915,-7293.347030530458,-11185.863826412067,-2969.3861972917884
Sch1d85,Sch,2028,All,dN_HZ_Death,-0.10327071364482816,-0.10434736384414245,-0.15026532668719894,-0.05012137500944186
Sch1d85,Sch,2028,All,PAF_Inc,0.08151038562744228,0.08172879618147968,0.029463902569332952,0.12881274768403603
Sch1d85,Sch,2028,All,PAF_Mor,0.25807625181234045,0.26460328272929934,0.11679524206211704,0.3585771714769036
Sch1d85,Sch,2028,All,Avt_Inc,0.018827655130277426,0.018803257598707258,0.006913753965216284,0.028910970419670726
Sch1d85,Sch,2028,All,Avt_Mor,0.05539775068800591,0.055894796947028313,0.024469284863902572,0.0791477355299565
Sch1d85,Sch,2029,All,dN_HZ,-8145.704014680702,-8087.620296853231,-12356.800564102034,-3389.5208944398973
Sch1d85,Sch,2029,All,dN_HZ_Death,-0.1234475969072722,-0.12434350498728201,-0.1783952531347228,-0.06181783067506991
Sch1d85,Sch,2029,All,PAF_Inc,0.09336276596482859,0.09366763851589646,0.03380765312072182,0.14877058264559495
Sch1d85,Sch,2029,All,PAF_Mor,0.30691805032975267,0.31705166754796776,0.14269886913842006,0.4226474698469024
Sch1d85,Sch,2029,All,Avt_Inc,0.023017925897960836,0.02296964232101962,0.00861769287659325,0.03527988611051528
Sch1d85,Sch,2029,All,Avt_Mor,0.07070378532527498,0.07122544106584584,0.03202576052009116,0.10003538227632823
Sch1d85,Sch,2030,All,dN_HZ,-8772.620109045049,-8696.998094921073,-13286.023680102977,-3746.569596866211
Sch1d85,Sch,2030,All,dN_HZ_Death,-0.1426870325981189,-0.14327107495779534,-0.2051029285707074,-0.07301619617640928
Sch1d85,Sch,2030,All,PAF_Inc,0.10436664424821383,0.10455263387149141,0.037754178265233106,0.16611403388941182
Sch1d85,Sch,2030,All,PAF_Mor,0.3536627123384898,0.36633059004578206,0.1675995411819118,0.48324362330351195
Sch1d85,Sch,2030,All,Avt_Inc,0.027196413784396745,0.027168435145014033,0.010365099105024941,0.04177411644993965
Sch1d85,Sch,2030,All,Avt_Mor,0.08697999316086612,0.08768951220214413,0.04031099251594887,0.12195669945647683
Sch1d85,Sch,2031,All,dN_HZ,-9215.607655189524,-9135.368170435431,-13865.674499735582,-4033.052586905387
Sch1d85,Sch,2031,All,dN_HZ_Death,-0.1602676614412912,-0.16063932629507338,-0.2286078918454823,-0.08294362276575588
Sch1d85,Sch,2031,All,PAF_Inc,0.1141710437933924,0.11460791170812282,0.04117170853004758,0.18228566143990485
Sch1d85,Sch,2031,All,PAF_Mor,0.3968487799053393,0.4117423863787659,0.19088884771608133,0.5405269030434093
Sch1d85,Sch,2031,All,Avt_Inc,0.03128321164666051,0.03132900539701504,0.012035771960464561,0.048180762964511605
Sch1d85,Sch,2031,All,Avt_Mor,0.10384767152324524,0.10484876565099224,0.04909397003864497,0.14441229032076863
Sch1d85,Sch,2032,All,dN_HZ,-9463.767677603533,-9426.974467079526,-14140.176185259801,-4218.511528989159
Sch1d85,Sch,2032,All,dN_HZ_Death,-0.17517436853147778,-0.17576442709681542,-0.2473966786512985,-0.09139940526342645
Sch1d85,Sch,2032,All,PAF_Inc,0.12269296788818428,0.12318612493736911,0.043772287908106354,0.19696612951623405
Sch1d85,Sch,2032,All,PAF_Mor,0.4349970591306192,0.45074651055645637,0.21016208316936907,0.5951335239448865
Sch1d85,Sch,2032,All,Avt_Inc,0.03520918326453274,0.03535720606882664,0.013643127504253352,0.054341950807805246
Sch1d85,Sch,2032,All,Avt_Mor,0.12089454578755099,0.12196156214067441,0.058106537801683567,0.16698895186477777
Sch1d85,Sch,2033,All,dN_HZ,-9162.1721177173,-9202.375750332962,-13599.048509590666,-4159.312702858625
Sch1d85,Sch,2033,All,dN_HZ_Death,-0.18358391694191514,-0.18434690965575212,-0.25838928141432377,-0.09808037499250924
Sch1d85,Sch,2033,All,PAF_Inc,0.1224827396663952,0.12313732356847967,0.04411776509096664,0.19743934745590397
Sch1d85,Sch,2033,All,PAF_Mor,0.4592623144162177,0.47584793999220476,0.22143716531392635,0.6317167893752229
Sch1d85,Sch,2033,All,Avt_Inc,0.038696668944096804,0.03889530599109617,0.015097584302322099,0.05975445216896517
Sch1d85,Sch,2033,All,Avt_Mor,0.13734141092745214,0.13867984898480942,0.06703221141279071,0.1886153479469338
Sch1d85,Sch,2034,All,dN_HZ,-8714.294666487927,-8818.225296405057,-12815.57115163378,-4056.196024969906
Sch1d85,Sch,2034,All,dN_HZ_Death,-0.1873888817507142,-0.18753643311627588,-0.2623356204533434,-0.10216962132294541
Sch1d85,Sch,2034,All,PAF_Inc,0.11997296617426613,0.12033177070776907,0.04346641250528439,0.19636274907133167
Sch1d85,Sch,2034,All,PAF_Mor,0.4756794770081725,0.49436333431554114,0.22967862749785534,0.6569412297114582
Sch1d85,Sch,2034,All,Avt_Inc,0.041730039180709604,0.04194789377497782,0.016377838360797488,0.06437188040868788
Sch1d85,Sch,2034,All,Avt_Mor,0.15280440381945945,0.15460184800528992,0.07533620997392612,0.20876766848737566
Sch1d85,Sch,2035,All,dN_HZ,-8164.647295821711,-8289.52658721057,-11876.52873911192,-3898.3534166262716
Sch1d85,Sch,2035,All,dN_HZ_Death,-0.187022854226529,-0.18632932677633485,-0.2592297018517488,-0.10304698932484999
Sch1d85,Sch,2035,All,PAF_Inc,0.1154385354658207,0.11552072968231174,0.04167788641680236,0.1910623117202375
Sch1d85,Sch,2035,All,PAF_Mor,0.48496701778220536,0.5053522571771645,0.23416550676239045,0.6687810337635443
Sch1d85,Sch,2035,All,Avt_Inc,0.044312099077959514,0.044661448259521036,0.017481783154642053,0.06821695828703167
Sch1d85,Sch,2035,All,Avt_Mor,0.16702474760304198,0.16914606692786543,0.08314609576647221,0.22724012174887742
Sch1d85,Sch,2036,All,dN_HZ,-7550.365158014749,-7678.2222239614275,-10879.3577995649,-3690.8183270217273
Sch1d85,Sch,2036,All,dN_HZ_Death,-0.18266803643749369,-0.1815009377545173,-0.25198276569928146,-0.10157098135203814
Sch1d85,Sch,2036,All,PAF_Inc,0.10939624226409364,0.109256986478739,0.03983696719757505,0.1818905953788641
Sch1d85,Sch,2036,All,PAF_Mor,0.48742870796777277,0.5076803586809928,0.23470698296037373,0.6764071078767183
Sch1d85,Sch,2036,All,Avt_Inc,0.046460506370815044,0.046914161092344565,0.018409511285957466,0.07141291366227857
Sch1d85,Sch,2036,All,Avt_Mor,0.1798167691773781,0.18240289058108483,0.0902075263600497,0.24393608422532229
Sch1d85,Sch,2037,All,dN_HZ,-6917.510455795417,-7012.46226288674,-9856.463148447632,-3416.9944450734897
Sch1d85,Sch,2037,All,dN_HZ_Death,-0.17394725130456837,-0.17295151896760294,-0.2386343692375044,-0.09693777196142472
Sch1d85,Sch,2037,All,PAF_Inc,0.10237963385779889,0.10287837478185133,0.037395762984846884,0.1697645792163857
Sch1d85,Sch,2037,All,PAF_Mor,0.483163437802165,0.501125170559781,0.23063475817345647,0.6788451221485471
Sch1d85,Sch,2037,All,Avt_Inc,0.04820799402987432,0.04877046689118411,0.019163394779944425,0.07396283851395231
Sch1d85,Sch,2037,All,Avt_Mor,0.1910143582259393,0.19414307811058112,0.09639824520748108,0.25844135593726114
Sch1d85,Sch,2038,All,dN_HZ,-6454.798439063626,-6539.21153384729,-9090.779999004573,-3233.9742713795777
Sch1d85,Sch,2038,All,dN_HZ_Death,-0.16278481982802254,-0.16196205219641802,-0.22257291003434862,-0.09122944328017558
Sch1d85,Sch,2038,All,PAF_Inc,0.09716682624218063,0.09706689913892327,0.035887380420650906,0.15963265317220066
Sch1d85,Sch,2038,All,PAF_Mor,0.47495993166613043,0.4902366965332253,0.22501703036088888,0.6735718496195773
Sch1d85,Sch,2038,All,Avt_Inc,0.04966463545613838,0.05034566307826592,0.01980019362308277,0.0760679718545039
Sch1d85,Sch,2038,All,Avt_Mor,0.20064390369859866,0.2043278148159936,0.10172733103393618,0.2710130492029016
Sch1d85,Sch,2039,All,dN_HZ,-5787.389885869611,-5840.761852621559,-8155.754627012388,-2961.9665494183123
Sch1d85,Sch,2039,All,dN_HZ_Death,-0.14833872641369739,-0.14734496162844357,-0.20213153620238206,-0.08331552609474724
Sch1d85,Sch,2039,All,PAF_Inc,0.08817918415349575,0.08754744567533805,0.03295738353986481,0.1453871862204959
Sch1d85,Sch,2039,All,PAF_Mor,0.45829614062703455,0.47031727905255327,0.21438071374597842,0.6597123826258973
Sch1d85,Sch,2039,All,Avt_Inc,0.05076101347420919,0.051494941668302485,0.02027574282635724,0.07765087799582092
Sch1d85,Sch,2039,All,Avt_Mor,0.20862573414259836,0.21291202920438773,0.10609961553281914,0.2814142124920358
Sch1d85,Sch,2040,All,dN_HZ,-5150.725933493718,-5215.535846744686,-7177.709873942873,-2673.569578186055
Sch1d85,Sch,2040,All,dN_HZ_Death,-0.1323079942150772,-0.13172606229449824,-0.1794755431113257,-0.07484388503122874
Sch1d85,Sch,2040,All,PAF_Inc,0.07912696792193409,0.07832713101761336,0.02973042509016811,0.13143728460651105
Sch1d85,Sch,2040,All,PAF_Mor,0.4356781314708617,0.4441007799944029,0.19992223582929192,0.638663349682706
Sch1d85,Sch,2040,All,Avt_Inc,0.05153611170151748,0.05225490797122133,0.020607625457570392,0.07874159508690758
Sch1d85,Sch,2040,All,Avt_Mor,0.21501967540449954,0.21996016191627787,0.10951055057206033,0.28981880403921373
Sch1d85,Sch,2041,All,dN_HZ,-4560.856678664779,-4634.462374934537,-6282.449226259223,-2396.3965260352015
Sch1d85,Sch,2041,All,dN_HZ_Death,-0.1155017674724913,-0.11495239778238514,-0.15601249603537262,-0.06713960415922104
Sch1d85,Sch,2041,All,PAF_Inc,0.07047673024442677,0.06999917412615218,0.026502140082092958,0.11707623746137924
Sch1d85,Sch,2041,All,PAF_Mor,0.40724028497655174,0.41047774316387164,0.18355879576668982,0.6085455301805227
Sch1d85,Sch,2041,All,Avt_Inc,0.0520326848168913,0.0527257775247941,0.02081195930048791,0.07940819261231825
Sch1d85,Sch,2041,All,Avt_Mor,0.21992009770377238,0.22553925805803415,0.11155535808937189,0.2964232712168869
Sch1d85,Sch,2042,All,dN_HZ,-4020.181314958659,-4089.1258730520713,-5511.80336027013,-2141.6981683802896
Sch1d85,Sch,2042,All,dN_HZ_Death,-0.09852303095079826,-0.09843353653807073,-0.1305737777147211,-0.05859083356115247
Sch1d85,Sch,2042,All,PAF_Inc,0.06236396331844244,0.06173023968050774,0.023693723656280374,0.10380777286597812
Sch1d85,Sch,2042,All,PAF_Mor,0.37326957672023015,0.3718472416788977,0.16469166014803865,0.5831569356430341
Sch1d85,Sch,2042,All,Avt_Inc,0.05229027062566044,0.05295384552124323,0.020909208096441294,0.0797277862337455
Sch1d85,Sch,2042,All,Avt_Mor,0.22343982712691168,0.22990397922313074,0.11270121126913427,0.3015025714414434
Sch1d85,Sch,2043,All,dN_HZ,-3523.4070824138535,-3592.26820383791,-4826.2546895885,-1879.9033278832876
Sch1d85,Sch,2043,All,dN_HZ_Death,-0.0832876282692568,-0.08332285204471743,-0.10995723847401553,-0.05147823690326207
Sch1d85,Sch,2043,All,PAF_Inc,0.054752058753927586,0.05444618968624969,0.02087085540148272,0.09099430063955978
Sch1d85,Sch,2043,All,PAF_Mor,0.336493851470955,0.3321455696717248,0.1449704385987784,0.5429731199159559
Sch1d85,Sch,2043,All,Avt_Inc,0.05234178759513174,0.05302588837458802,0.020857428055539667,0.07974114246695194
Sch1d85,Sch,2043,All,Avt_Mor,0.22577888458570905,0.2330585782829567,0.11320035951174272,0.3050560299465066
Sch1d85,Sch,2044,All,dN_HZ,-3099.8770845421454,-3164.7556532413037,-4257.301301998212,-1675.2455261825976
Sch1d85,Sch,2044,All,dN_HZ_Death,-0.07033393541554354,-0.07055150758786084,-0.09213091866673984,-0.04460449611505393
Sch1d85,Sch,2044,All,PAF_Inc,0.04817149606348281,0.04686672844176643,0.018464783075742265,0.08077360914604181
Sch1d85,Sch,2044,All,PAF_Mor,0.2999619347781618,0.29196424326067466,0.1259512038346985,0.4954505753944267
Sch1d85,Sch,2044,All,Avt_Inc,0.05222855302682115,0.05299664398501365,0.020736418067512585,0.07951226834664415
Sch1d85,Sch,2044,All,Avt_Mor,0.22715111099598792,0.23484594695436187,0.11314559183651507,0.3074176647232459
Sch1d85,Sch,2045,All,dN_HZ,-2745.697164330778,-2789.7244787932177,-3772.2701049205366,-1493.2377865246026
Sch1d85,Sch,2045,All,dN_HZ_Death,-0.05954190592855914,-0.05994554584347987,-0.07780341042011497,-0.039128480290548974
Sch1d85,Sch,2045,All,PAF_Inc,0.0425413846730061,0.04110774847343508,0.016417513534407985,0.072320181765379
Sch1d85,Sch,2045,All,PAF_Mor,0.2647487613544431,0.2576221985122795,0.10975997477197715,0.4548334328072483
Sch1d85,Sch,2045,All,Avt_Inc,0.051985084766704805,0.052729012842342105,0.02060678669738306,0.07932708947982103
Sch1d85,Sch,2045,All,Avt_Mor,0.22773539280590777,0.23554537573967965,0.11295024293350854,0.3087866090847682
Sch1d85,Sch,2046,All,dN_HZ,-2456.7333512084524,-2487.9758075122445,-3386.313180375778,-1332.1768592802819
Sch1d85,Sch,2046,All,dN_HZ_Death,-0.05073354227934849,-0.05153125641021511,-0.06745450916783945,-0.033979507980002155
Sch1d85,Sch,2046,All,PAF_Inc,0.03788778055270686,0.03657798896377494,0.014652614638754403,0.06499834285842138
Sch1d85,Sch,2046,All,PAF_Mor,0.2321230508435645,0.22413664288626264,0.0948539913752569,0.41236386213067544
Sch1d85,Sch,2046,All,Avt_Inc,0.0516425981521544,0.052365287690764845,0.0204349483687091,0.07905188031149865
Sch1d85,Sch,2046,All,Avt_Mor,0.22768283210743545,0.23537794113433885,0.1125301092219118,0.309365143365221
Sch1d85,Sch,2047,All,dN_HZ,-2213.5389468932854,-2242.2078717498116,-3031.0451995432154,-1212.3699050337498
Sch1d85,Sch,2047,All,dN_HZ_Death,-0.043224572299068405,-0.04360268494682474,-0.05810242143661394,-0.029447161779709737
Sch1d85,Sch,2047,All,PAF_Inc,0.03396315232207278,0.03280150802607272,0.013072244926193287,0.05871047875932127
Sch1d85,Sch,2047,All,PAF_Mor,0.20160058612412096,0.1934249165453883,0.08129886482809266,0.36916859488281795
Sch1d85,Sch,2047,All,Avt_Inc,0.05122391053893551,0.05192385688666187,0.020227565550785705,0.07864984996888849
Sch1d85,Sch,2047,All,Avt_Mor,0.2270963266313603,0.2348675568687346,0.11181252406460225,0.30927376637135906
Sch1d85,Sch,2048,All,dN_HZ,-2107.2462628146936,-2124.347199736938,-2891.8939155553508,-1156.499703378597
Sch1d85,Sch,2048,All,dN_HZ_Death,-0.03727770471296451,-0.037081898079509956,-0.05093857766710177,-0.02540092697423891
Sch1d85,Sch,2048,All,PAF_Inc,0.03207336818604589,0.030883853406511074,0.012354939164213404,0.05559699097437953
Sch1d85,Sch,2048,All,PAF_Mor,0.17504946669190632,0.1673926645765017,0.07091329474625581,0.32806597593949105
Sch1d85,Sch,2048,All,Avt_Inc,0.050778816582457656,0.05145831009843463,0.020010595465257686,0.07819204390488002
Sch1d85,Sch,2048,All,Avt_Mor,0.22608260406458033,0.23367892290711129,0.11085314881908931,0.30860988990472754
Sch1d85,Sch,2049,All,dN_HZ,-1910.2753258213386,-1920.8521721619472,-2637.321645859305,-1057.5124099370282
Sch1d85,Sch,2049,All,dN_HZ_Death,-0.03246817343011643,-0.032173733661909426,-0.04443448794431341,-0.022200063982594963
Sch1d85,Sch,2049,All,PAF_Inc,0.028847086588408368,0.02768030732798695,0.011214636647635693,0.04977893869455652
Sch1d85,Sch,2049,All,PAF_Mor,0.1518480941909372,0.1456202856177488,0.06150242429101184,0.28718612207341015
Sch1d85,Sch,2049,All,Avt_Inc,0.05027845505505961,0.05087499236857354,0.019773347716696962,0.07763594809343821
Sch1d85,Sch,2049,All,Avt_Mor,0.22471601408958294,0.2318841818099695,0.10970970616814958,0.3074500442691567
Sch1d85,Sch,2050,All,dN_HZ,-1738.193321148697,-1750.404427083864,-2389.3246991696496,-961.2891916973854
Sch1d85,Sch,2050,All,dN_HZ_Death,-0.028848138620905735,-0.028502588466104095,-0.040040586675612284,-0.01951035243036815
Sch1d85,Sch,2050,All,PAF_Inc,0.02603326934941828,0.024944507802518362,0.010178097656222556,0.045016273197604456
Sch1d85,Sch,2050,All,PAF_Mor,0.13330448900976344,0.12767357758439157,0.054546279133395915,0.2540049323790051
Sch1d85,Sch,2050,All,Avt_Inc,0.04973445327521476,0.05024854304039107,0.019518757613015025,0.07700549839721117
Sch1d85,Sch,2050,All,Avt_Mor,0.22307921104894457,0.2300380011402804,0.10842976657213896,0.30592700490065816
Sch1d95,Sch,2013,All,dN_HZ,0,0,0,0
Sch1d95,Sch,2013,All,dN_HZ_Death,0,0,0,0
Sch1d95,Sch,2013,All,PAF_Inc,0,0,-0,-0
Sch1d95,Sch,2013,All,PAF_Mor,0,0,-0,-0
Sch1d95,Sch,2013,All,Avt_Inc,0,0,-0,-0
Sch1d95,Sch,2013,All,Avt_Mor,0,0,-0,-0
Sch1d95,Sch,2014,All,dN_HZ,0,0,0,0
Sch1d95,Sch,2014,All,dN_HZ_Death,0,0,0,0
Sch1d95,Sch,2014,All,PAF_Inc,0,0,-0,-0
Sch1d95,Sch,2014,All,PAF_Mor,0,0,-0,-0
Sch1d95,Sch,2014,All,Avt_Inc,0,0,-0,-0
Sch1d95,Sch,2014,All,Avt_Mor,0,0,-0,-0
Sch1d95,Sch,2015,All,dN_HZ,0,0,0,0
Sch1d95,Sch,2015,All,dN_HZ_Death,0,0,0,0
Sch1d95,Sch,2015,All,PAF_Inc,0,0,-0,-0
Sch1d95,Sch,2015,All,PAF_Mor,0,0,-0,-0
Sch1d95,Sch,2015,All,Avt_Inc,0,0,-0,-0
Sch1d95,Sch,2015,All,Avt_Mor,0,0,-0,-0
Sch1d95,Sch,2016,All,dN_HZ,0,0,0,0
Sch1d95,Sch,2016,All,dN_HZ_Death,0,0,0,0
Sch1d95,Sch,2016,All,PAF_Inc,0,0,-0,-0
Sch1d95,Sch,2016,All,PAF_Mor,0,0,-0,-0
Sch1d95,Sch,2016,All,Avt_Inc,0,0,-0,-0
Sch1d95,Sch,2016,All,Avt_Mor,0,0,-0,-0
Sch1d95,Sch,2017,All,dN_HZ,0,0,0,0
Sch1d95,Sch,2017,All,dN_HZ_Death,0,0,0,0
Sch1d95,Sch,2017,All,PAF_Inc,0,0,-0,-0
Sch1d95,Sch,2017,All,PAF_Mor,0,0,-0,-0
Sch1d95,Sch,2017,All,Avt_Inc,0,0,-0,-0
Sch1d95,Sch,2017,All,Avt_Mor,0,0,-0,-0
Sch1d95,Sch,2018,All,dN_HZ,0,0,0,0
Sch1d95,Sch,2018,All,dN_HZ_Death,0,0,0,0
Sch1d95,Sch,2018,All,PAF_Inc,0,0,-0,-0
Sch1d95,Sch,2018,All,PAF_Mor,0,0,-0,-0
Sch1d95,Sch,2018,All,Avt_Inc,0,0,-0,-0
Sch1d95,Sch,2018,All,Avt_Mor,0,0,-0,-0
Sch1d95,Sch,2019,All,dN_HZ,0,0,0,0
Sch1d95,Sch,2019,All,dN_HZ_Death,0,0,0,0
Sch1d95,Sch,2019,All,PAF_Inc,0,0,-0,-0
Sch1d95,Sch,2019,All,PAF_Mor,0,0,-0,-0
Sch1d95,Sch,2019,All,Avt_Inc,0,0,-0,-0
Sch1d95,Sch,2019,All,Avt_Mor,0,0,-0,-0
Sch1d95,Sch,2020,All,dN_HZ,0,0,0,0
Sch1d95,Sch,2020,All,dN_HZ_Death,0,0,0,0
Sch1d95,Sch,2020,All,PAF_Inc,0,0,-0,-0
Sch1d95,Sch,2020,All,PAF_Mor,0,0,-0,-0
Sch1d95,Sch,2020,All,Avt_Inc,0,0,-0,-0
Sch1d95,Sch,2020,All,Avt_Mor,0,0,-0,-0
Sch1d95,Sch,2021,All,dN_HZ,0,0,0,0
Sch1d95,Sch,2021,All,dN_HZ_Death,0,0,0,0
Sch1d95,Sch,2021,All,PAF_Inc,0,0,-0,-0
Sch1d95,Sch,2021,All,PAF_Mor,0,0,-0,-0
Sch1d95,Sch,2021,All,Avt_Inc,0,0,-0,-0
Sch1d95,Sch,2021,All,Avt_Mor,0,0,-0,-0
Sch1d95,Sch,2022,All,dN_HZ,0,0,0,0
Sch1d95,Sch,2022,All,dN_HZ_Death,0,0,0,0
Sch1d95,Sch,2022,All,PAF_Inc,0,0,-0,-0
Sch1d95,Sch,2022,All,PAF_Mor,0,0,-0,-0
Sch1d95,Sch,2022,All,Avt_Inc,0,0,-0,-0
Sch1d95,Sch,2022,All,Avt_Mor,0,0,-0,-0
Sch1d95,Sch,2023,All,dN_HZ,-2672.7990605931755,-2690.792659648185,-4038.561080087454,-1033.6361289203737
Sch1d95,Sch,2023,All,dN_HZ_Death,-0.055919155140558646,-0.05585461849648754,-0.08207207490142636,-0.026089042539707345
Sch1d95,Sch,2023,All,PAF_Inc,0.027761929123697987,0.027947844929312196,0.010677482351696603,0.04144276810229687
Sch1d95,Sch,2023,All,PAF_Mor,0.1446551081910212,0.14658779079832368,0.06539774792568338,0.2058455501091645
Sch1d95,Sch,2023,All,Avt_Inc,0.0026764253757612434,0.002691864239561839,0.0010419755448005574,0.003974922219882677
Sch1d95,Sch,2023,All,Avt_Mor,0.013217387015263194,0.013299785326786408,0.0061469393745641815,0.01871357591657022
Sch1d95,Sch,2024,All,dN_HZ,-4875.0987073955275,-4912.268266528496,-7281.983635879806,-1938.0447004431203
Sch1d95,Sch,2024,All,dN_HZ_Death,-0.09978513911112923,-0.09946323764189913,-0.1452988896498451,-0.04753806214765101
Sch1d95,Sch,2024,All,PAF_Inc,0.05089597677661761,0.05098862946631455,0.019767638684273944,0.07658513848227691
Sch1d95,Sch,2024,All,PAF_Mor,0.2562294753577167,0.2607586622027558,0.11832184378918424,0.35991047766355744
Sch1d95,Sch,2024,All,Avt_Inc,0.006896566885104658,0.006925508830744906,0.002726216094909157,0.010328782520880764
Sch1d95,Sch,2024,All,Avt_Mor,0.033700668867373405,0.03399455254231671,0.015859739309015065,0.04733358848965978
Sch1d95,Sch,2025,All,dN_HZ,-6632.744381374505,-6687.660626087207,-9807.994612932533,-2705.4192986443954
Sch1d95,Sch,2025,All,dN_HZ_Death,-0.13427158900268552,-0.1335458426335478,-0.19420195467110243,-0.06521114853057285
Sch1d95,Sch,2025,All,PAF_Inc,0.06993704660835849,0.06999834341686859,0.027132497101313133,0.10466377994669117
Sch1d95,Sch,2025,All,PAF_Mor,0.3422230049030492,0.34921030492339766,0.16101556397425282,0.4728223122304393
Sch1d95,Sch,2025,All,Avt_Inc,0.011923497929690894,0.011962375608018263,0.00475713018768498,0.017753254146577274
Sch1d95,Sch,2025,All,Avt_Mor,0.05784842645863578,0.05831140709466188,0.027206383786987805,0.08052683218969123
Sch1d95,Sch,2026,All,dN_HZ,-8039.325565156598,-8063.783666755415,-11833.446008668076,-3346.9418259156378
Sch1d95,Sch,2026,All,dN_HZ_Death,-0.1617778978809714,-0.16112521996676304,-0.23208328981048484,-0.08017174175636452
Sch1d95,Sch,2026,All,PAF_Inc,0.08615717458977556,0.08597768407449638,0.03326768207691562,0.12926956193369682
Sch1d95,Sch,2026,All,PAF_Mor,0.4095867759071455,0.417004728495952,0.19558265162122515,0.5582071834733212
Sch1d95,Sch,2026,All,Avt_Inc,0.01732351643694553,0.01734095974499213,0.006955057337122092,0.025652957652287253
Sch1d95,Sch,2026,All,Avt_Mor,0.08353690339447167,0.08469144160711564,0.03973713800832115,0.11542391257418123
Sch1d95,Sch,2027,All,dN_HZ,-9356.540374553138,-9393.879560431626,-13823.914403796794,-3954.8743988794304
Sch1d95,Sch,2027,All,dN_HZ_Death,-0.18520547060729525,-0.1851951132527006,-0.263995618102745,-0.09344128098491006
Sch1d95,Sch,2027,All,PAF_Inc,0.10244895146144964,0.10196242710459655,0.03937030148822344,0.15542967825479032
Sch1d95,Sch,2027,All,PAF_Mor,0.46636599979309873,0.4781261227163017,0.22451859174030472,0.6293604891482522
Sch1d95,Sch,2027,All,Avt_Inc,0.02298088408829856,0.022993167524436697,0.009279682261100953,0.03402568602789558
Sch1d95,Sch,2027,All,Avt_Mor,0.10972275335236294,0.1116271874868501,0.052854494094337554,0.150750007710141
Sch1d95,Sch,2028,All,dN_HZ,-10350.06409260414,-10406.031708467177,-15339.18123712674,-4426.512686098957
Sch1d95,Sch,2028,All,dN_HZ_Death,-0.2040845513823892,-0.20503379366345137,-0.28919674292436703,-0.10463275786070136
Sch1d95,Sch,2028,All,PAF_Inc,0.11478751653420576,0.11452652164927159,0.04403497556916233,0.1768668671891514
Sch1d95,Sch,2028,All,PAF_Mor,0.5100491197347304,0.5268377134631144,0.24842549903898858,0.6833340264729505
Sch1d95,Sch,2028,All,Avt_Inc,0.028632941457914143,0.0286306479455105,0.011657544876708472,0.04241928218668504
Sch1d95,Sch,2028,All,Avt_Mor,0.13553108856093624,0.1378709230272553,0.06602216615676379,0.1853199744099924
Sch1d95,Sch,2029,All,dN_HZ,-11059.484361099976,-11103.360532459592,-16418.54125604139,-4834.105523959955
Sch1d95,Sch,2029,All,dN_HZ_Death,-0.2189630175467226,-0.22043630507080253,-0.3085506446044468,-0.11408832849323616
Sch1d95,Sch,2029,All,PAF_Inc,0.12669749519853077,0.12694543036481418,0.0482017476329883,0.1978326667552368
Sch1d95,Sch,2029,All,PAF_Mor,0.544403505935332,0.5612788327074518,0.2678826183074606,0.7248121165999952
Sch1d95,Sch,2029,All,Avt_Inc,0.034147603340719125,0.03405948465402847,0.013934598281312244,0.0506074067017373
Sch1d95,Sch,2029,All,Avt_Mor,0.160411916437235,0.16336704710992167,0.07896854956164627,0.2183096610835058
Sch1d95,Sch,2030,All,dN_HZ,-11529.92931435827,-11569.381565303578,-17196.25872259428,-5129.639761560185
Sch1d95,Sch,2030,All,dN_HZ_Death,-0.23054744212309766,-0.23185830951935518,-0.32368574632436675,-0.12222970346582743
Sch1d95,Sch,2030,All,PAF_Inc,0.1371045264743065,0.13666322654569713,0.051613559998956546,0.21440315860507397
Sch1d95,Sch,2030,All,PAF_Mor,0.5714087554075231,0.5871321318379095,0.28286729176712355,0.761328311763553
Sch1d95,Sch,2030,All,Avt_Inc,0.03943705232597049,0.0394085020038451,0.016112850651033142,0.05864499044376832
Sch1d95,Sch,2030,All,Avt_Mor,0.18405421569012567,0.18793104672143127,0.09193200263847606,0.24932068374026728
Sch1d95,Sch,2031,All,dN_HZ,-11781.235105186148,-11840.751722123947,-17531.87227565105,-5320.3289878748255
Sch1d95,Sch,2031,All,dN_HZ_Death,-0.23935193692468587,-0.23988887280002646,-0.33429882900361146,-0.1291549705139354
Sch1d95,Sch,2031,All,PAF_Inc,0.14589026982434997,0.14515928366267025,0.05425271574530881,0.2293188920664888
Sch1d95,Sch,2031,All,PAF_Mor,0.5926070501961929,0.6103304466766057,0.2947887793352828,0.7903757589907608
Sch1d95,Sch,2031,All,Avt_Inc,0.044439501721628444,0.04449687708914091,0.018171434396363286,0.0664434086510498
Sch1d95,Sch,2031,All,Avt_Mor,0.20629626980178364,0.21129032209891802,0.1037044263908941,0.2782652013766749
Sch1d95,Sch,2032,All,dN_HZ,-11842.529284720687,-11923.520554891194,-17534.71560068714,-5413.594150697226
Sch1d95,Sch,2032,All,dN_HZ_Death,-0.24531727518163213,-0.24609053877477366,-0.34138809599583136,-0.13448143726184217
Sch1d95,Sch,2032,All,PAF_Inc,0.15346808047223046,0.15283015833985655,0.05609688645431516,0.24299274905602455
Sch1d95,Sch,2032,All,PAF_Mor,0.6090526430911452,0.6300222736698129,0.3040118603382293,0.8111948137177037
Sch1d95,Sch,2032,All,Avt_Inc,0.049121836053894946,0.04928231982450278,0.020085358734336502,0.07384225134684756
Sch1d95,Sch,2032,All,Avt_Mor,0.22703279816740576,0.23264796939620982,0.11489639410802156,0.30513859824644696
Sch1d95,Sch,2033,All,dN_HZ,-11362.351378121568,-11448.19006668199,-16745.08363830099,-5277.4095231845195
Sch1d95,Sch,2033,All,dN_HZ_Death,-0.24563410244080772,-0.24609642788832242,-0.34040097838267047,-0.1362571812213477
Sch1d95,Sch,2033,All,PAF_Inc,0.15184506946224016,0.15151448180867727,0.05560064723296383,0.2432542445959135
Sch1d95,Sch,2033,All,PAF_Mor,0.6142973549817786,0.6369232730853024,0.3077234946863556,0.8176299399085082
Sch1d95,Sch,2033,All,Avt_Inc,0.05322553316474331,0.05350093355779523,0.02184583630089178,0.08038586686775522
Sch1d95,Sch,2033,All,Avt_Mor,0.2458602506322882,0.2520608387432239,0.12530137594947258,0.32936158768754026
Sch1d95,Sch,2034,All,dN_HZ,-10747.262580254246,-10863.61142544981,-15728.147422118534,-5059.941165970726
Sch1d95,Sch,2034,All,dN_HZ_Death,-0.2423614871400747,-0.24254275593870167,-0.33488267490980184,-0.13560930943439942
Sch1d95,Sch,2034,All,PAF_Inc,0.14792565689525644,0.1481768048824626,0.05421010373572189,0.24063278478668945
Sch1d95,Sch,2034,All,PAF_Mor,0.6149529163293634,0.6387072015703608,0.3081740422266631,0.8192459138112836
Sch1d95,Sch,2034,All,Avt_Inc,0.056758054775860656,0.05715916677557391,0.023334095556157033,0.0857108132530323
Sch1d95,Sch,2034,All,Avt_Mor,0.26273264329706614,0.269523140507291,0.13469658650990185,0.35092040343682923
Sch1d95,Sch,2035,All,dN_HZ,-10042.950344174298,-10173.21990044813,-14554.940945074211,-4828.504612469609
Sch1d95,Sch,2035,All,dN_HZ_Death,-0.2359525370551333,-0.2364641950441301,-0.32514055774560124,-0.1334270343245376
Sch1d95,Sch,2035,All,PAF_Inc,0.14197268415550723,0.14254864301950915,0.051840183784635716,0.23362095358588225
Sch1d95,Sch,2035,All,PAF_Mor,0.6114808059227905,0.6372648429229852,0.3057236020317906,0.8186708249530433
Sch1d95,Sch,2035,All,Avt_Inc,0.05974082024856921,0.06014224255663251,0.024570821336948274,0.0901931681552563
Sch1d95,Sch,2035,All,Avt_Mor,0.27766643787734757,0.2849212501279098,0.14300947146264698,0.3699651281731792
Sch1d95,Sch,2036,All,dN_HZ,-9287.93940851519,-9448.899910839846,-13334.502521071057,-4549.669253436929
Sch1d95,Sch,2036,All,dN_HZ_Death,-0.22657523411937644,-0.2273814448637299,-0.31027348915628045,-0.12936115109197946
Sch1d95,Sch,2036,All,PAF_Inc,0.13455991394592023,0.1340273868432921,0.04917276676543073,0.2231930956194809
Sch1d95,Sch,2036,All,PAF_Mor,0.6041089359346674,0.6313650600537024,0.30062721116026236,0.8147921638694524
Sch1d95,Sch,2036,All,Avt_Inc,0.062207819822447455,0.06255007941199671,0.025591454178620864,0.09391924444058182
Sch1d95,Sch,2036,All,Avt_Mor,0.29070207384823743,0.29781126137513664,0.15029665071729545,0.38658274502646284
Sch1d95,Sch,2037,All,dN_HZ,-8524.834589833245,-8667.24509758965,-12153.134163939661,-4208.458266189837
Sch1d95,Sch,2037,All,dN_HZ_Death,-0.21346521766740797,-0.2142031054185476,-0.2893867074987505,-0.1223051394799152
Sch1d95,Sch,2037,All,PAF_Inc,0.12616531723641147,0.12604621814031594,0.04609925645008757,0.20968204100562687
Sch1d95,Sch,2037,All,PAF_Mor,0.5923169382070469,0.6185293344965805,0.29201295200410915,0.8064469781364503
Sch1d95,Sch,2037,All,Avt_Inc,0.06420349466683291,0.06447766418662083,0.026406711029930335,0.09689058367357264
Sch1d95,Sch,2037,All,Avt_Mor,0.30183663839907343,0.3092351863027472,0.1565385966781025,0.40139030881282994
Sch1d95,Sch,2038,All,dN_HZ,-7914.98715127717,-8065.143797966619,-11164.20739635605,-3952.514874979347
Sch1d95,Sch,2038,All,dN_HZ_Death,-0.1982006958181624,-0.19834676557744252,-0.26777903725602986,-0.11428982781088975
Sch1d95,Sch,2038,All,PAF_Inc,0.11915363178394395,0.11874117796529726,0.04386693667854892,0.19655444602148042
Sch1d95,Sch,2038,All,PAF_Mor,0.5775360218307571,0.6002188597607094,0.2820477653661457,0.7956803940929231
Sch1d95,Sch,2038,All,Avt_Inc,0.06583504110585944,0.06611680116105224,0.027072628571785103,0.09930984133606632
Sch1d95,Sch,2038,All,Avt_Mor,0.3111846739132499,0.31892197892062424,0.1617775783151472,0.41442101378851354
Sch1d95,Sch,2039,All,dN_HZ,-7097.813095475162,-7218.335600877905,-9940.46644067345,-3611.933742527941
Sch1d95,Sch,2039,All,dN_HZ_Death,-0.18005614322436503,-0.17996725050545012,-0.24281757193977144,-0.10522833357983345
Sch1d95,Sch,2039,All,PAF_Inc,0.10815367672525533,0.10717440094206253,0.04019052890348313,0.1786023853824077
Sch1d95,Sch,2039,All,PAF_Mor,0.5553818887865045,0.5748372770112047,0.26740157633060074,0.7763686153220094
Sch1d95,Sch,2039,All,Avt_Inc,0.06703612079819969,0.0673701731006124,0.02754793858191243,0.10110239898571781
Sch1d95,Sch,2039,All,Avt_Mor,0.3187432794292954,0.3268014888058828,0.16524785444893572,0.42525925501544537
Sch1d95,Sch,2040,All,dN_HZ,-6313.768019646702,-6401.740950720297,-8807.711808995107,-3256.224864998104
Sch1d95,Sch,2040,All,dN_HZ_Death,-0.16052506401763783,-0.16066235465772216,-0.21447018185358016,-0.09461742696048292
Sch1d95,Sch,2040,All,PAF_Inc,0.09700166733486257,0.09594388152333014,0.03617487337490312,0.16142639515627122
Sch1d95,Sch,2040,All,PAF_Mor,0.5275432908757158,0.5425272942475666,0.2492552644769165,0.7510754988611033
Sch1d95,Sch,2040,All,Avt_Inc,0.06785094351928063,0.06823266451546867,0.027854081144870622,0.10230072402728774
Sch1d95,Sch,2040,All,Avt_Mor,0.32460982391873117,0.33350937468931374,0.16811258752264557,0.4339830131136067
Sch1d95,Sch,2041,All,dN_HZ,-5583.486367980864,-5668.025713785959,-7729.003864767529,-2914.1622657025937
Sch1d95,Sch,2041,All,dN_HZ_Death,-0.14030979696311635,-0.14052945515592705,-0.18743186880442,-0.08487540956610283
Sch1d95,Sch,2041,All,PAF_Inc,0.08628493264936025,0.08532249712153764,0.032225624695021146,0.1437899807546138
Sch1d95,Sch,2041,All,PAF_Mor,0.49353477337962626,0.5047221354566893,0.22852418468197255,0.7171079391238647
Sch1d95,Sch,2041,All,Avt_Inc,0.068329420193916,0.06875616268618906,0.02800940972073115,0.10298511700068638
Sch1d95,Sch,2041,All,Avt_Mor,0.32889235140196427,0.3386623457668353,0.16989403362645428,0.4401794176852274
Sch1d95,Sch,2042,All,dN_HZ,-4909.597326454134,-4993.160259253986,-6753.675319796241,-2595.880175054225
Sch1d95,Sch,2042,All,dN_HZ_Death,-0.11986267787863394,-0.12053185585508193,-0.1588927593820645,-0.0739059041471861
Sch1d95,Sch,2042,All,PAF_Inc,0.0761665373676794,0.07501987226625838,0.028725958258971687,0.12716392796118567
Sch1d95,Sch,2042,All,PAF_Mor,0.45286547451066456,0.45650806740450123,0.20424392224169796,0.6859127640538968
Sch1d95,Sch,2042,All,Avt_Inc,0.06851776941226409,0.06898804415371834,0.02795076847883207,0.10323819952020567
Sch1d95,Sch,2042,All,Avt_Mor,0.33169726157510976,0.34238302488089273,0.17039922682760172,0.44448585236895727
Sch1d95,Sch,2043,All,dN_HZ,-4308.0682393216675,-4382.972333132584,-5882.9651247803,-2285.101618230716
Sch1d95,Sch,2043,All,dN_HZ_Death,-0.10181836365365295,-0.10282722396100098,-0.1346204495768881,-0.06440775207582158
Sch1d95,Sch,2043,All,PAF_Inc,0.06694801706133893,0.06644939341783544,0.025360218383946986,0.11166014413551513
Sch1d95,Sch,2043,All,PAF_Mor,0.4100830234526693,0.40806269067750744,0.17952120431107804,0.6413497014425203
Sch1d95,Sch,2043,All,Avt_Inc,0.06846312412315976,0.06897670344332585,0.027853807778326405,0.103126372770828
Sch1d95,Sch,2043,All,Avt_Mor,0.33325481288584347,0.344630232710082,0.1706868256766547,0.44727684389590355
Sch1d95,Sch,2044,All,dN_HZ,-3780.49186254159,-3862.943272330045,-5152.317331817632,-2021.5275342408868
Sch1d95,Sch,2044,All,dN_HZ_Death,-0.08624668138002081,-0.08754561257037659,-0.1138004291490628,-0.05581356523782916
Sch1d95,Sch,2044,All,PAF_Inc,0.05874934707678842,0.058484664255634713,0.022380054743409233,0.09813345838338114
Sch1d95,Sch,2044,All,PAF_Mor,0.36659383304971005,0.36109051835835504,0.1557275597781666,0.5881480385208537
Sch1d95,Sch,2044,All,Avt_Inc,0.06820917408236445,0.06879313007507243,0.027685478452547357,0.10298071065736215
Sch1d95,Sch,2044,All,Avt_Mor,0.3337659781296701,0.34568006466660395,0.17035142639431838,0.4488472058753637
Sch1d95,Sch,2045,All,dN_HZ,-3328.5298204694623,-3385.648681023191,-4536.511245629691,-1793.2629564319795
Sch1d95,Sch,2045,All,dN_HZ_Death,-0.07311215110852912,-0.07406816150907887,-0.09681396891803556,-0.04888134932709259
Sch1d95,Sch,2045,All,PAF_Inc,0.05157268317567286,0.05050301430177985,0.019790599787655325,0.08623395277124922
Sch1d95,Sch,2045,All,PAF_Mor,0.32395912639798224,0.3163931081636405,0.13552459259490157,0.5377737430594346
Sch1d95,Sch,2045,All,Avt_Inc,0.0677942782309206,0.06853198994659015,0.02745186614599963,0.10271194125273536
Sch1d95,Sch,2045,All,Avt_Mor,0.33340555424230306,0.34532151626594276,0.1694901677285287,0.4493628199204075
Sch1d95,Sch,2046,All,dN_HZ,-2952.252502796563,-2997.352570273768,-4035.979683739023,-1594.7901637276523
Sch1d95,Sch,2046,All,dN_HZ_Death,-0.062273627819233915,-0.06312000204859727,-0.08296284841532257,-0.042237625035076755
Sch1d95,Sch,2046,All,PAF_Inc,0.045530367787912564,0.0441148268839615,0.017536825030103342,0.07693776364780057
Sch1d95,Sch,2046,All,PAF_Mor,0.2839396508250107,0.2754271321027648,0.11677100072391314,0.48805718669650827
Sch1d95,Sch,2046,All,Avt_Inc,0.06725512122311869,0.06810859707477207,0.02716561254776848,0.10222618284775102
Sch1d95,Sch,2046,All,Avt_Mor,0.33232691083835925,0.34396330207555526,0.16820977701758133,0.44900326041073524
Sch1d95,Sch,2047,All,dN_HZ,-2629.7953918643207,-2662.9505627821673,-3610.6618072290703,-1438.1575401650837
Sch1d95,Sch,2047,All,dN_HZ_Death,-0.05293593060268263,-0.05289224733018447,-0.07130170430124261,-0.03623107458843626
Sch1d95,Sch,2047,All,PAF_Inc,0.04035047840261196,0.03909695836064725,0.01547639327397082,0.06885240298488535
Sch1d95,Sch,2047,All,PAF_Mor,0.24608254939371127,0.23682257566251075,0.09957598474263195,0.43695526657528017
Sch1d95,Sch,2047,All,Avt_Inc,0.06661906363444867,0.06747857196714302,0.02683624761517698,0.10157972805712408
Sch1d95,Sch,2047,All,Avt_Mor,0.3306358608814816,0.3420680701444643,0.1665854196244191,0.44789274307230803
Sch1d95,Sch,2048,All,dN_HZ,-2461.1656731199537,-2481.928442546159,-3370.6153865763326,-1350.1010491866487
Sch1d95,Sch,2048,All,dN_HZ_Death,-0.045454043154778564,-0.044868790638971534,-0.06203262601864997,-0.03086327414497519
Sch1d95,Sch,2048,All,PAF_Inc,0.03746146212020848,0.0363420799249403,0.0144021697879131,0.06443490526958243
Sch1d95,Sch,2048,All,PAF_Mor,0.212809700206166,0.2046426770973696,0.08620649385845884,0.3876054585697374
Sch1d95,Sch,2048,All,Avt_Inc,0.06594235106918264,0.06673984874621586,0.026493453051335245,0.10085151276293232
Sch1d95,Sch,2048,All,Avt_Mor,0.32844557328035673,0.34014400236332815,0.16467957513710824,0.446124538637243
Sch1d95,Sch,2049,All,dN_HZ,-2215.806045110989,-2231.3988374976616,-3048.2505696012563,-1225.531366024673
Sch1d95,Sch,2049,All,dN_HZ_Death,-0.039460920600479676,-0.038809778058691694,-0.05434400333808211,-0.026767460267710888
Sch1d95,Sch,2049,All,PAF_Inc,0.03346081810791474,0.032342619194027616,0.013002133142506313,0.057593744342606716
Sch1d95,Sch,2049,All,PAF_Mor,0.18405797623068657,0.17660245841499062,0.07533273501621532,0.3398009938383999
Sch1d95,Sch,2049,All,Avt_Inc,0.06520189893798752,0.06591726556498584,0.02612943371086401,0.1000068567864772
Sch1d95,Sch,2049,All,Avt_Mor,0.32584504079411053,0.33776966803222896,0.16256556418348855,0.44377953996994784
Sch1d95,Sch,2050,All,dN_HZ,-2006.8569759926197,-2023.1791421378875,-2754.8781672302566,-1109.8547162132134
Sch1d95,Sch,2050,All,dN_HZ_Death,-0.034945533955569874,-0.03442465388042043,-0.04893100202278165,-0.023688945245654795
Sch1d95,Sch,2050,All,PAF_Inc,0.03005588846695309,0.0289572112916291,0.011744139564592918,0.051813358410977686
Sch1d95,Sch,2050,All,PAF_Mor,0.16109521471919597,0.15527901105041209,0.06715909614440135,0.3005174535538401
Sch1d95,Sch,2050,All,Avt_Inc,0.06441366718971672,0.06506408817484166,0.02574922872082462,0.09907704079237249
Sch1d95,Sch,2050,All,Avt_Mor,0.32293032979203284,0.33588829402839826,0.1603027970402755,0.44100587041392
Sch2d85,Sch,2013,All,dN_HZ,0,0,0,0
Sch2d85,Sch,2013,All,dN_HZ_Death,0,0,0,0
Sch2d85,Sch,2013,All,PAF_Inc,0,0,-0,-0
Sch2d85,Sch,2013,All,PAF_Mor,0,0,-0,-0
Sch2d85,Sch,2013,All,Avt_Inc,0,0,-0,-0
Sch2d85,Sch,2013,All,Avt_Mor,0,0,-0,-0
Sch2d85,Sch,2014,All,dN_HZ,0,0,0,0
Sch2d85,Sch,2014,All,dN_HZ_Death,0,0,0,0
Sch2d85,Sch,2014,All,PAF_Inc,0,0,-0,-0
Sch2d85,Sch,2014,All,PAF_Mor,0,0,-0,-0
Sch2d85,Sch,2014,All,Avt_Inc,0,0,-0,-0
Sch2d85,Sch,2014,All,Avt_Mor,0,0,-0,-0
Sch2d85,Sch,2015,All,dN_HZ,0,0,0,0
Sch2d85,Sch,2015,All,dN_HZ_Death,0,0,0,0
Sch2d85,Sch,2015,All,PAF_Inc,0,0,-0,-0
Sch2d85,Sch,2015,All,PAF_Mor,0,0,-0,-0
Sch2d85,Sch,2015,All,Avt_Inc,0,0,-0,-0
Sch2d85,Sch,2015,All,Avt_Mor,0,0,-0,-0
Sch2d85,Sch,2016,All,dN_HZ,0,0,0,0
Sch2d85,Sch,2016,All,dN_HZ_Death,0,0,0,0
Sch2d85,Sch,2016,All,PAF_Inc,0,0,-0,-0
Sch2d85,Sch,2016,All,PAF_Mor,0,0,-0,-0
Sch2d85,Sch,2016,All,Avt_Inc,0,0,-0,-0
Sch2d85,Sch,2016,All,Avt_Mor,0,0,-0,-0
Sch2d85,Sch,2017,All,dN_HZ,0,0,0,0
Sch2d85,Sch,2017,All,dN_HZ_Death,0,0,0,0
Sch2d85,Sch,2017,All,PAF_Inc,0,0,-0,-0
Sch2d85,Sch,2017,All,PAF_Mor,0,0,-0,-0
Sch2d85,Sch,2017,All,Avt_Inc,0,0,-0,-0
Sch2d85,Sch,2017,All,Avt_Mor,0,0,-0,-0
Sch2d85,Sch,2018,All,dN_HZ,0,0,0,0
Sch2d85,Sch,2018,All,dN_HZ_Death,0,0,0,0
Sch2d85,Sch,2018,All,PAF_Inc,0,0,-0,-0
Sch2d85,Sch,2018,All,PAF_Mor,0,0,-0,-0
Sch2d85,Sch,2018,All,Avt_Inc,0,0,-0,-0
Sch2d85,Sch,2018,All,Avt_Mor,0,0,-0,-0
Sch2d85,Sch,2019,All,dN_HZ,0,0,0,0
Sch2d85,Sch,2019,All,dN_HZ_Death,0,0,0,0
Sch2d85,Sch,2019,All,PAF_Inc,0,0,-0,-0
Sch2d85,Sch,2019,All,PAF_Mor,0,0,-0,-0
Sch2d85,Sch,2019,All,Avt_Inc,0,0,-0,-0
Sch2d85,Sch,2019,All,Avt_Mor,0,0,-0,-0
Sch2d85,Sch,2020,All,dN_HZ,0,0,0,0
Sch2d85,Sch,2020,All,dN_HZ_Death,0,0,0,0
Sch2d85,Sch,2020,All,PAF_Inc,0,0,-0,-0
Sch2d85,Sch,2020,All,PAF_Mor,0,0,-0,-0
Sch2d85,Sch,2020,All,Avt_Inc,0,0,-0,-0
Sch2d85,Sch,2020,All,Avt_Mor,0,0,-0,-0
Sch2d85,Sch,2021,All,dN_HZ,0,0,0,0
Sch2d85,Sch,2021,All,dN_HZ_Death,0,0,0,0
Sch2d85,Sch,2021,All,PAF_Inc,0,0,-0,-0
Sch2d85,Sch,2021,All,PAF_Mor,0,0,-0,-0
Sch2d85,Sch,2021,All,Avt_Inc,0,0,-0,-0
Sch2d85,Sch,2021,All,Avt_Mor,0,0,-0,-0
Sch2d85,Sch,2022,All,dN_HZ,0,0,0,0
Sch2d85,Sch,2022,All,dN_HZ_Death,0,0,0,0
Sch2d85,Sch,2022,All,PAF_Inc,0,0,-0,-0
Sch2d85,Sch,2022,All,PAF_Mor,0,0,-0,-0
Sch2d85,Sch,2022,All,Avt_Inc,0,0,-0,-0
Sch2d85,Sch,2022,All,Avt_Mor,0,0,-0,-0
Sch2d85,Sch,2023,All,dN_HZ,-1839.6089372721597,-1882.4364601645357,-2504.860331144414,-914.2995198231997
Sch2d85,Sch,2023,All,dN_HZ_Death,-0.018002269966968257,-0.017993997568349462,-0.024990249284199028,-0.009549012784013175
Sch2d85,Sch,2023,All,PAF_Inc,0.01910283193657328,0.01958369669343628,0.009395829324328728,0.02573679343238318
Sch2d85,Sch,2023,All,PAF_Mor,0.0466022200435446,0.04759517399584899,0.025149740733970798,0.06190525423489238
Sch2d85,Sch,2023,All,Avt_Inc,0.0018421714713046842,0.001879150080630412,9.169055629752064e-4,0.0024949126368479088
Sch2d85,Sch,2023,All,Avt_Mor,0.004259899357444331,0.004356951240591131,0.002346134658261461,0.005663645244175802
Sch2d85,Sch,2024,All,dN_HZ,-3485.4751789810894,-3544.402232024666,-4685.972307574018,-1799.8854564139106
Sch2d85,Sch,2024,All,dN_HZ_Death,-0.03605617515888567,-0.036271771848382095,-0.04869660706558941,-0.01994058965472216
Sch2d85,Sch,2024,All,PAF_Inc,0.03635911168551032,0.03721466573759166,0.018176519464041335,0.0489985306913338
Sch2d85,Sch,2024,All,PAF_Mor,0.09262545251741641,0.09490491010329233,0.052046978608361216,0.11981159252784603
Sch2d85,Sch,2024,All,Avt_Inc,0.004865401672926622,0.00495921259455292,0.002482788731613282,0.006526173854517007
Sch2d85,Sch,2024,All,Avt_Mor,0.01171245453596144,0.011954372206527567,0.006600871499828754,0.01543252990433452
Sch2d85,Sch,2025,All,dN_HZ,-4905.674004144077,-4992.742358462296,-6559.25039971491,-2615.548611829586
Sch2d85,Sch,2025,All,dN_HZ_Death,-0.05436231299912855,-0.054841491539410564,-0.07325430242950226,-0.03160535670313634
Sch2d85,Sch,2025,All,PAF_Inc,0.051655426245295885,0.05303098806081079,0.026048348682184884,0.0699841054519193
Sch2d85,Sch,2025,All,PAF_Mor,0.13857510534446543,0.14155104613511232,0.07999820100061988,0.1768524870096439
Sch2d85,Sch,2025,All,Avt_Inc,0.00860114607665925,0.008793281655243079,0.004446325236481506,0.011531003094007165
Sch2d85,Sch,2025,All,Avt_Mor,0.02164889470130907,0.02210189622871954,0.012486245940390151,0.028071552446553016
Sch2d85,Sch,2026,All,dN_HZ,-6159.463907314072,-6280.316695575137,-8169.08959232228,-3342.1702651975324
Sch2d85,Sch,2026,All,dN_HZ_Death,-0.0735005956714386,-0.07379204659188648,-0.09902710121683353,-0.04416507691443936
Sch2d85,Sch,2026,All,PAF_Inc,0.06587740413888868,0.06720296800689249,0.033182523317374764,0.0892639807294477
Sch2d85,Sch,2026,All,PAF_Mor,0.18606354262962618,0.19036459022027435,0.1101244353427189,0.23418429859686313
Sch2d85,Sch,2026,All,Avt_Inc,0.012774979117413734,0.013048447597279404,0.006661819386690549,0.01707202692709684
Sch2d85,Sch,2026,All,Avt_Mor,0.03366653190949198,0.03433890931188458,0.01984579860036606,0.043216319345248326
Sch2d85,Sch,2027,All,dN_HZ,-7495.274783985619,-7596.978262261546,-9895.225648787246,-4139.283839617822
Sch2d85,Sch,2027,All,dN_HZ_Death,-0.09505397068836732,-0.09550486028727889,-0.1262933738605442,-0.05871180639837636
Sch2d85,Sch,2027,All,PAF_Inc,0.08184633979322242,0.08327098476201689,0.041110607261650146,0.111434546225492
Sch2d85,Sch,2027,All,PAF_Mor,0.23926222517819085,0.24544511913580536,0.14382432648271143,0.2971992699373587
Sch2d85,Sch,2027,All,Avt_Inc,0.017376023670424776,0.017708073958195028,0.009124626899385141,0.02315206487627733
Sch2d85,Sch,2027,All,Avt_Mor,0.047742661887469916,0.04869848955469462,0.028691776116542507,0.060720873594474624
Sch2d85,Sch,2028,All,dN_HZ,-8625.553885427578,-8717.706540972635,-11356.407609609952,-4857.314961265453
Sch2d85,Sch,2028,All,dN_HZ_Death,-0.1178207077966707,-0.11876813654000715,-0.15516737655950805,-0.07487105068679022
Sch2d85,Sch,2028,All,PAF_Inc,0.09534616284419631,0.09713972030863925,0.047947934366792996,0.13049861609527055
Sch2d85,Sch,2028,All,PAF_Mor,0.29427133764387897,0.3013859478039882,0.17920686062534266,0.36240898387864506
Sch2d85,Sch,2028,All,Avt_Inc,0.02218936051769962,0.022649793501566963,0.0117150560655934,0.029513664488893625
Sch2d85,Sch,2028,All,Avt_Mor,0.06365225870220828,0.06485415108782581,0.038838753895159527,0.08034552836102377
Sch2d85,Sch,2029,All,dN_HZ,-9543.225579878213,-9666.797780451881,-12558.929796367429,-5458.001439608811
Sch2d85,Sch,2029,All,dN_HZ_Death,-0.14044901039508148,-0.14143335911689547,-0.18373770541992218,-0.09105003927419819
Sch2d85,Sch,2029,All,PAF_Inc,0.10887852367289617,0.1109108494014597,0.054416802036542575,0.14996092589837898
Sch2d85,Sch,2029,All,PAF_Mor,0.34889580434055145,0.35999568391225545,0.2141311772175131,0.42779420650952904
Sch2d85,Sch,2029,All,Avt_Inc,0.027080705320950995,0.027629499455140642,0.014358505002508074,0.035982401246301234
Sch2d85,Sch,2029,All,Avt_Mor,0.08102927681001236,0.08264698887157401,0.05011782881074759,0.10160512689139553
Sch2d85,Sch,2030,All,dN_HZ,-10256.888506820304,-10387.100472514016,-13456.561269953198,-5948.133152610172
Sch2d85,Sch,2030,All,dN_HZ_Death,-0.16195906701941906,-0.1623364797960321,-0.2128192988197915,-0.10635751721652688
Sch2d85,Sch,2030,All,PAF_Inc,0.1213601275634942,0.1238998701195071,0.05988131085765844,0.16715275202627772
Sch2d85,Sch,2030,All,PAF_Mor,0.4009763291332407,0.4137285168284196,0.24919171703492868,0.4914496367262856
Sch2d85,Sch,2030,All,Avt_Inc,0.031943897856370106,0.03252998573893611,0.017052103630986495,0.042510370938611784
Sch2d85,Sch,2030,All,Avt_Mor,0.09945656123598934,0.1015297181378375,0.06226509534600797,0.12393500720647506
Sch2d85,Sch,2031,All,dN_HZ,-10754.61864629667,-10878.022077712762,-14040.867218686684,-6267.151611776193
Sch2d85,Sch,2031,All,dN_HZ_Death,-0.18154958066260166,-0.18098479441744925,-0.23870768851863575,-0.12036851995053109
Sch2d85,Sch,2031,All,PAF_Inc,0.13239214423396933,0.1355108525361668,0.0644085955461608,0.1842177573055222
Sch2d85,Sch,2031,All,PAF_Mor,0.4488924320670072,0.46414925047877914,0.27691112620136965,0.551181200947152
Sch2d85,Sch,2031,All,Avt_Inc,0.036686657754983906,0.03729715633207875,0.019726878403749905,0.04880453362866705
Sch2d85,Sch,2031,All,Avt_Mor,0.118506372280937,0.12140133960563615,0.0750577263076173,0.14672218109500249
Sch2d85,Sch,2032,All,dN_HZ,-11024.815552757846,-11152.093908372139,-14316.489165403524,-6463.400024193748
Sch2d85,Sch,2032,All,dN_HZ_Death,-0.19810738466859046,-0.19767595532768106,-0.2586672527131686,-0.13309351920445506
Sch2d85,Sch,2032,All,PAF_Inc,0.14188833434480858,0.14519263196437204,0.06767322042204084,0.2019695339342539
Sch2d85,Sch,2032,All,PAF_Mor,0.49106237480928866,0.5070536784332114,0.30312417942915415,0.6076211517814581
Sch2d85,Sch,2032,All,Avt_Inc,0.04122972476257989,0.04185427146548592,0.022164096626337,0.05485078656318495
Sch2d85,Sch,2032,All,Avt_Mor,0.13771753096609593,0.1413188464130536,0.08796290730358272,0.16944591255583832
Sch2d85,Sch,2033,All,dN_HZ,-10644.553642263922,-10780.31159035998,-13766.210290124878,-6344.09364790896
Sch2d85,Sch,2033,All,dN_HZ_Death,-0.20728282427354794,-0.20676924983096373,-0.26917406573854197,-0.14102758170738078
Sch2d85,Sch,2033,All,PAF_Inc,0.14118476483813813,0.1445152458641935,0.06704370350194477,0.20388752108356623
Sch2d85,Sch,2033,All,PAF_Mor,0.5174294144468857,0.5337727903513394,0.3193319148615982,0.6419232010711982
Sch2d85,Sch,2033,All,Avt_Inc,0.04524661786565616,0.045972225626293405,0.024319080842292184,0.06019517391432093
Sch2d85,Sch,2033,All,Avt_Mor,0.15620974526194706,0.16002918378111053,0.10051996998566001,0.19117747407565464
Sch2d85,Sch,2034,All,dN_HZ,-10098.345790393587,-10227.67014599219,-12932.876107883501,-6102.239343113621
Sch2d85,Sch,2034,All,dN_HZ_Death,-0.2113244641481462,-0.2107464159185232,-0.27330940329363546,-0.14444817394915577
Sch2d85,Sch,2034,All,PAF_Inc,0.13787281123521966,0.1404105905022044,0.06471717889051697,0.20260540021379728
Sch2d85,Sch,2034,All,PAF_Mor,0.5350554852377649,0.5502973369224546,0.32893703080498427,0.6664930046867503
Sch2d85,Sch,2034,All,Avt_Inc,0.04872355758835156,0.04954601535815438,0.026173331088789217,0.06477559756586043
Sch2d85,Sch,2034,All,Avt_Mor,0.1735622646281407,0.17715318016026582,0.11238027046062371,0.21157688243314604
Sch2d85,Sch,2035,All,dN_HZ,-9438.868182049899,-9592.419081029111,-12018.946000133072,-5795.885456893589
Sch2d85,Sch,2035,All,dN_HZ_Death,-0.21072155206630805,-0.20974319108664968,-0.27150984016201923,-0.14504378851882163
Sch2d85,Sch,2035,All,PAF_Inc,0.13229719395136721,0.13359082767865654,0.06193285601441776,0.1944178111822116
Sch2d85,Sch,2035,All,PAF_Mor,0.5447629088969526,0.5588550305841874,0.3329878742558343,0.6815392479138256
Sch2d85,Sch,2035,All,Avt_Inc,0.05166802045340716,0.052663156489556544,0.027736635277086433,0.06864220638911585
Sch2d85,Sch,2035,All,Avt_Mor,0.18949350052325672,0.1936559991825287,0.12332598898847676,0.23039134726496918
Sch2d85,Sch,2036,All,dN_HZ,-8708.4870408417,-8822.897689988666,-11009.568999707724,-5405.931594651719
Sch2d85,Sch,2036,All,dN_HZ_Death,-0.20568602875339378,-0.2045087451121062,-0.2627651172789375,-0.14247986268533974
Sch2d85,Sch,2036,All,PAF_Inc,0.12504251570469999,0.12506374922418287,0.058564797547947384,0.18416463260038574
Sch2d85,Sch,2036,All,PAF_Mor,0.5469061757475597,0.5595342514200388,0.3317939756382012,0.6877260253755809
Sch2d85,Sch,2036,All,Avt_Inc,0.05410367741307515,0.05521938306181068,0.029018401486031197,0.07185549663082554
Sch2d85,Sch,2036,All,Avt_Mor,0.2038032022196734,0.20851350484816006,0.13305092271455676,0.24784014588687928
Sch2d85,Sch,2037,All,dN_HZ,-7960.3103179784,-8034.132370459076,-10051.709976145892,-4954.00226986607
Sch2d85,Sch,2037,All,dN_HZ_Death,-0.1957908300837264,-0.19476359799909115,-0.24968224205021541,-0.13563472018309763
Sch2d85,Sch,2037,All,PAF_Inc,0.116731768306891,0.1164167731022029,0.05441632230338127,0.17182216526515764
Sch2d85,Sch,2037,All,PAF_Mor,0.5416031888700766,0.5512956585490738,0.32422634170541553,0.6947735948575295
Sch2d85,Sch,2037,All,Avt_Inc,0.0560711601954563,0.057273181085928,0.030029612239613892,0.07441867137667518
Sch2d85,Sch,2037,All,Avt_Mor,0.2163119424108833,0.22126675367541981,0.14148912776302697,0.26322795262189674
Sch2d85,Sch,2038,All,dN_HZ,-7407.983695254899,-7483.135533349436,-9388.066605392789,-4661.694800364832
Sch2d85,Sch,2038,All,dN_HZ_Death,-0.183181202016271,-0.1818856721712176,-0.23379687751527148,-0.12738837677164846
Sch2d85,Sch,2038,All,PAF_Inc,0.11047971574004133,0.11012946957189683,0.05172980013259884,0.1645350835764733
Sch2d85,Sch,2038,All,PAF_Mor,0.5319250830871807,0.5356121695159624,0.31466053187481274,0.6991053481604754
Sch2d85,Sch,2038,All,Avt_Inc,0.05769774583098573,0.05911740510939973,0.030770099203829743,0.07653413063005943
Sch2d85,Sch,2038,All,Avt_Mor,0.2270533717386695,0.23181315337506792,0.14810029639976877,0.2765264229836237
Sch2d85,Sch,2039,All,dN_HZ,-6630.214831911173,-6705.979314971868,-8445.325182234912,-4239.488465778691
Sch2d85,Sch,2039,All,dN_HZ_Death,-0.16689712483960445,-0.16592320244524666,-0.2130119014566399,-0.11617158264956787
Sch2d85,Sch,2039,All,PAF_Inc,0.10007341257222022,0.0988976955573691,0.047190041929827724,0.15189178311308754
Sch2d85,Sch,2039,All,PAF_Mor,0.5128040954907335,0.515568968860536,0.2982413763150407,0.6898423661996766
Sch2d85,Sch,2039,All,Avt_Inc,0.05890890237967692,0.060434259001083526,0.03130566767448746,0.07836791737130715
Sch2d85,Sch,2039,All,Avt_Mor,0.23594047308622437,0.24069345157282568,0.15323909319999351,0.2876218768005474
Sch2d85,Sch,2040,All,dN_HZ,-5890.3696051641855,-5963.000313302684,-7511.49792346379,-3804.256492815387
Sch2d85,Sch,2040,All,dN_HZ_Death,-0.14883876469522667,-0.1476552306648916,-0.18774509023327576,-0.10545935172135629
Sch2d85,Sch,2040,All,PAF_Inc,0.08963827972026708,0.0881234049757417,0.0423287511849908,0.13850191579963445
Sch2d85,Sch,2040,All,PAF_Mor,0.48704712653089655,0.4922055740362413,0.2777744197696501,0.6688917454726637
Sch2d85,Sch,2040,All,Avt_Inc,0.05975078428576394,0.06135633235636132,0.03168328557564301,0.08000243845647269
Sch2d85,Sch,2040,All,Avt_Mor,0.24304189370579643,0.2478096146135637,0.15709295485362232,0.2965955759906108
Sch2d85,Sch,2041,All,dN_HZ,-5207.085848293099,-5275.558769552583,-6627.215645817198,-3389.894799116871
Sch2d85,Sch,2041,All,dN_HZ_Death,-0.1299245618334361,-0.12874721024695074,-0.1614142330943667,-0.09443680571338603
Sch2d85,Sch,2041,All,PAF_Inc,0.07970557014151544,0.07814675568785533,0.03751533121954927,0.1256909210873552
Sch2d85,Sch,2041,All,PAF_Mor,0.4548353096869836,0.4573968173716202,0.2535657059626616,0.6466835482503052
Sch2d85,Sch,2041,All,Avt_Inc,0.06027375944592356,0.06187408944703557,0.03178418652414926,0.08122237128982641
Sch2d85,Sch,2041,All,Avt_Mor,0.24846538026155204,0.25323000990169064,0.15969558815749346,0.3036361795386678
Sch2d85,Sch,2042,All,dN_HZ,-4582.148159430534,-4631.857463195567,-5852.8688635265235,-3002.383001691726
Sch2d85,Sch,2042,All,dN_HZ_Death,-0.11081680378701313,-0.11009490260481467,-0.13684460911552396,-0.082488888011599
Sch2d85,Sch,2042,All,PAF_Inc,0.07041606303200398,0.06837370384392986,0.03321557742703465,0.11185115195912272
Sch2d85,Sch,2042,All,PAF_Mor,0.41648221491126897,0.4184137349563428,0.22642558671615487,0.6179568167092775
Sch2d85,Sch,2042,All,Avt_Inc,0.060523990636379324,0.062075689787042046,0.03173209433674762,0.08184666361486315
Sch2d85,Sch,2042,All,Avt_Mor,0.25233816713078655,0.2569224653126458,0.16132098722617283,0.30918307752056323
Sch2d85,Sch,2043,All,dN_HZ,-4008.8832136686788,-4052.7727107488754,-5102.510931919077,-2633.8327113727623
Sch2d85,Sch,2043,All,dN_HZ_Death,-0.09368427771146422,-0.09305180678426572,-0.11500388221265877,-0.07121774116433019
Sch2d85,Sch,2043,All,PAF_Inc,0.061718674101966825,0.06022550903810427,0.029200793997496827,0.09933080907901443
Sch2d85,Sch,2043,All,PAF_Mor,0.37515218148491414,0.37575958659860054,0.1987785841028439,0.5801257109799672
Sch2d85,Sch,2043,All,Avt_Inc,0.06053971244252645,0.06201606622562556,0.03165053797808976,0.08194542489237945
Sch2d85,Sch,2043,All,Avt_Mor,0.2548867550603168,0.2593232373849307,0.16240573445294598,0.31377705458059113
Sch2d85,Sch,2044,All,dN_HZ,-3520.776488453659,-3554.9720131870054,-4447.114546224805,-2338.298078399346
Sch2d85,Sch,2044,All,dN_HZ_Death,-0.07911758065945383,-0.07881551932392133,-0.09619864059223447,-0.061051546170620904
Sch2d85,Sch,2044,All,PAF_Inc,0.05421199232395457,0.05309165017317706,0.025746982694326598,0.08792480074466287
Sch2d85,Sch,2044,All,PAF_Mor,0.33420131183372986,0.33072918417610886,0.17404411633665565,0.5377448392593889
Sch2d85,Sch,2044,All,Avt_Inc,0.0603686083723381,0.061777946717789085,0.03147351660799749,0.08201283192995944
Sch2d85,Sch,2044,All,Avt_Mor,0.25635172211317003,0.2612213807915793,0.1627343056379852,0.3171306248211569
Sch2d85,Sch,2045,All,dN_HZ,-3113.1327939485855,-3142.655338266395,-3900.253311451685,-2078.2389911371943
Sch2d85,Sch,2045,All,dN_HZ_Death,-0.06698567481176504,-0.06677993413884523,-0.08177863626068697,-0.052907159156576636
Sch2d85,Sch,2045,All,PAF_Inc,0.04780020784605923,0.04655229955598314,0.02279029502357432,0.07791060725928974
Sch2d85,Sch,2045,All,PAF_Mor,0.29482574369538067,0.28724685263461736,0.1515325543993771,0.49108254894940373
Sch2d85,Sch,2045,All,Avt_Inc,0.06005039476863316,0.061444774036813296,0.031218397030467925,0.08189943411914982
Sch2d85,Sch,2045,All,Avt_Mor,0.25693442246012504,0.2618011262984571,0.16243671182116814,0.3195012887441478
Sch2d85,Sch,2046,All,dN_HZ,-2780.763685970758,-2815.9604764872092,-3489.308409483077,-1866.4389832085524
Sch2d85,Sch,2046,All,dN_HZ_Death,-0.05708201980275629,-0.05727107890205857,-0.06976047222105435,-0.0453253986845452
Sch2d85,Sch,2046,All,PAF_Inc,0.042505864418362016,0.04120542661738888,0.02022293620530402,0.06902414375392384
Sch2d85,Sch,2046,All,PAF_Mor,0.25840890996913507,0.24970767948417028,0.13087061325406843,0.4387531544045734
Sch2d85,Sch,2046,All,Avt_Inc,0.05962084112235559,0.06104480519656648,0.030906732884143102,0.08160809374946068
Sch2d85,Sch,2046,All,Avt_Mor,0.2568045953081139,0.26178388753543014,0.16164748389426623,0.32106620937176195
Sch2d85,Sch,2047,All,dN_HZ,-2501.274459106776,-2528.2100105043355,-3138.3371583045823,-1672.4128902993232
Sch2d85,Sch,2047,All,dN_HZ_Death,-0.04863734693022195,-0.04844183357142198,-0.05990124069664738,-0.038690673573005555
Sch2d85,Sch,2047,All,PAF_Inc,0.038045291961061815,0.036865587821828465,0.018023826001504914,0.061591083503204344
Sch2d85,Sch,2047,All,PAF_Mor,0.22438672391183928,0.2150499195771303,0.11211954306442942,0.3901055587047114
Sch2d85,Sch,2047,All,Avt_Inc,0.059106082528391474,0.060553685140092656,0.030553595812643414,0.08114585254838896
Sch2d85,Sch,2047,All,Avt_Mor,0.25607798075230753,0.26147525471219635,0.16045877440281875,0.32196501762775626
Sch2d85,Sch,2048,All,dN_HZ,-2377.1547251064385,-2412.5004072954944,-3012.7204286816427,-1582.5605221656563
Sch2d85,Sch,2048,All,dN_HZ_Death,-0.04195459987900487,-0.04130528839756321,-0.05199519777271935,-0.033130323171018924
Sch2d85,Sch,2048,All,PAF_Inc,0.0358751299977092,0.03488747081199427,0.016980094133707328,0.057726042911680965
Sch2d85,Sch,2048,All,PAF_Mor,0.19485743622034032,0.1865829947164723,0.09779087521924712,0.3435975808999668
Sch2d85,Sch,2048,All,Avt_Inc,0.05856232551070908,0.060034432436431986,0.03018655949429234,0.08048786757402286
Sch2d85,Sch,2048,All,Avt_Mor,0.25487500430458637,0.2600458428474929,0.15894776670472271,0.3220406988191127
Sch2d85,Sch,2049,All,dN_HZ,-2152.7230061427717,-2188.628967834142,-2751.0460015562862,-1446.8218203178221
Sch2d85,Sch,2049,All,dN_HZ_Death,-0.03654822155166162,-0.036108633293244735,-0.04614804768242066,-0.028430382048228526
Sch2d85,Sch,2049,All,PAF_Inc,0.03223762508142211,0.03139568227004447,0.015380479910457285,0.05192731208112784
Sch2d85,Sch,2049,All,PAF_Mor,0.1690670558082223,0.16211621563544826,0.08482785340546346,0.2984331331479808
Sch2d85,Sch,2049,All,Avt_Inc,0.057957760179371286,0.05945565515985301,0.02979413611985635,0.07973969358445694
Sch2d85,Sch,2049,All,Avt_Mor,0.25327894526511724,0.25852813441945705,0.15719272833834969,0.32066937827116476
Sch2d85,Sch,2050,All,dN_HZ,-1957.0103235609804,-1986.1936661406398,-2515.6524339066495,-1312.3415131050526
Sch2d85,Sch,2050,All,dN_HZ_Death,-0.032475086143298984,-0.031997611977341946,-0.041283605732081716,-0.024825341503627217
Sch2d85,Sch,2050,All,PAF_Inc,0.029070522854105375,0.028290083546775528,0.013934356879078251,0.04722177763785672
Sch2d85,Sch,2050,All,PAF_Mor,0.14845340458513331,0.14304265975227087,0.07483619361170969,0.2638551461538808
Sch2d85,Sch,2050,All,Avt_Inc,0.05730558046881859,0.05871241170136175,0.02937932716623006,0.07893062587952439
Sch2d85,Sch,2050,All,Avt_Mor,0.25138234665321235,0.25577064974246777,0.15525812397333835,0.31892801110085006
Sch2d95,Sch,2013,All,dN_HZ,0,0,0,0
Sch2d95,Sch,2013,All,dN_HZ_Death,0,0,0,0
Sch2d95,Sch,2013,All,PAF_Inc,0,0,-0,-0
Sch2d95,Sch,2013,All,PAF_Mor,0,0,-0,-0
Sch2d95,Sch,2013,All,Avt_Inc,0,0,-0,-0
Sch2d95,Sch,2013,All,Avt_Mor,0,0,-0,-0
Sch2d95,Sch,2014,All,dN_HZ,0,0,0,0
Sch2d95,Sch,2014,All,dN_HZ_Death,0,0,0,0
Sch2d95,Sch,2014,All,PAF_Inc,0,0,-0,-0
Sch2d95,Sch,2014,All,PAF_Mor,0,0,-0,-0
Sch2d95,Sch,2014,All,Avt_Inc,0,0,-0,-0
Sch2d95,Sch,2014,All,Avt_Mor,0,0,-0,-0
Sch2d95,Sch,2015,All,dN_HZ,0,0,0,0
Sch2d95,Sch,2015,All,dN_HZ_Death,0,0,0,0
Sch2d95,Sch,2015,All,PAF_Inc,0,0,-0,-0
Sch2d95,Sch,2015,All,PAF_Mor,0,0,-0,-0
Sch2d95,Sch,2015,All,Avt_Inc,0,0,-0,-0
Sch2d95,Sch,2015,All,Avt_Mor,0,0,-0,-0
Sch2d95,Sch,2016,All,dN_HZ,0,0,0,0
Sch2d95,Sch,2016,All,dN_HZ_Death,0,0,0,0
Sch2d95,Sch,2016,All,PAF_Inc,0,0,-0,-0
Sch2d95,Sch,2016,All,PAF_Mor,0,0,-0,-0
Sch2d95,Sch,2016,All,Avt_Inc,0,0,-0,-0
Sch2d95,Sch,2016,All,Avt_Mor,0,0,-0,-0
Sch2d95,Sch,2017,All,dN_HZ,0,0,0,0
Sch2d95,Sch,2017,All,dN_HZ_Death,0,0,0,0
Sch2d95,Sch,2017,All,PAF_Inc,0,0,-0,-0
Sch2d95,Sch,2017,All,PAF_Mor,0,0,-0,-0
Sch2d95,Sch,2017,All,Avt_Inc,0,0,-0,-0
Sch2d95,Sch,2017,All,Avt_Mor,0,0,-0,-0
Sch2d95,Sch,2018,All,dN_HZ,0,0,0,0
Sch2d95,Sch,2018,All,dN_HZ_Death,0,0,0,0
Sch2d95,Sch,2018,All,PAF_Inc,0,0,-0,-0
Sch2d95,Sch,2018,All,PAF_Mor,0,0,-0,-0
Sch2d95,Sch,2018,All,Avt_Inc,0,0,-0,-0
Sch2d95,Sch,2018,All,Avt_Mor,0,0,-0,-0
Sch2d95,Sch,2019,All,dN_HZ,0,0,0,0
Sch2d95,Sch,2019,All,dN_HZ_Death,0,0,0,0
Sch2d95,Sch,2019,All,PAF_Inc,0,0,-0,-0
Sch2d95,Sch,2019,All,PAF_Mor,0,0,-0,-0
Sch2d95,Sch,2019,All,Avt_Inc,0,0,-0,-0
Sch2d95,Sch,2019,All,Avt_Mor,0,0,-0,-0
Sch2d95,Sch,2020,All,dN_HZ,0,0,0,0
Sch2d95,Sch,2020,All,dN_HZ_Death,0,0,0,0
Sch2d95,Sch,2020,All,PAF_Inc,0,0,-0,-0
Sch2d95,Sch,2020,All,PAF_Mor,0,0,-0,-0
Sch2d95,Sch,2020,All,Avt_Inc,0,0,-0,-0
Sch2d95,Sch,2020,All,Avt_Mor,0,0,-0,-0
Sch2d95,Sch,2021,All,dN_HZ,0,0,0,0
Sch2d95,Sch,2021,All,dN_HZ_Death,0,0,0,0
Sch2d95,Sch,2021,All,PAF_Inc,0,0,-0,-0
Sch2d95,Sch,2021,All,PAF_Mor,0,0,-0,-0
Sch2d95,Sch,2021,All,Avt_Inc,0,0,-0,-0
Sch2d95,Sch,2021,All,Avt_Mor,0,0,-0,-0
Sch2d95,Sch,2022,All,dN_HZ,0,0,0,0
Sch2d95,Sch,2022,All,dN_HZ_Death,0,0,0,0
Sch2d95,Sch,2022,All,PAF_Inc,0,0,-0,-0
Sch2d95,Sch,2022,All,PAF_Mor,0,0,-0,-0
Sch2d95,Sch,2022,All,Avt_Inc,0,0,-0,-0
Sch2d95,Sch,2022,All,Avt_Mor,0,0,-0,-0
Sch2d95,Sch,2023,All,dN_HZ,-3122.5696740576377,-3181.769617305683,-4071.881834197813,-1704.4096482800185
Sch2d95,Sch,2023,All,dN_HZ_Death,-0.063716987958534893,-0.06382756576399307,-0.08441335833481231,-0.038659634969346025
Sch2d95,Sch,2023,All,PAF_Inc,0.032427836703211206,0.032937358822106105,0.017405200240572093,0.04207033926864311
Sch2d95,Sch,2023,All,PAF_Mor,0.16491564684850726,0.16767146713794745,0.09767017915950435,0.2075085550066751
Sch2d95,Sch,2023,All,Avt_Inc,0.0031272594673650463,0.003188465924235974,0.0017038126943068315,0.0040534801328162345
Sch2d95,Sch,2023,All,Avt_Mor,0.015068876579712875,0.01534074003516412,0.00910027799111692,0.0190960260243187
Sch2d95,Sch,2024,All,dN_HZ,-5693.291939047044,-5797.4628187124545,-7433.640187346669,-3154.434535446567
Sch2d95,Sch,2024,All,dN_HZ_Death,-0.11332766907251215,-0.11343929395408683,-0.14831364571360556,-0.06989625547539637
Sch2d95,Sch,2024,All,PAF_Inc,0.05938746627028192,0.06068271760291331,0.03198108808866939,0.07738565302068812
Sch2d95,Sch,2024,All,PAF_Mor,0.2911041411656364,0.2963848553032117,0.1751219421170807,0.36421936536046384
Sch2d95,Sch,2024,All,Avt_Inc,0.008055571756643924,0.00821668353883433,0.0044228254423968475,0.0104204941375478
Sch2d95,Sch,2024,All,Avt_Mor,0.038339669789335146,0.03904437725363788,0.023507129918354193,0.04819960612957667
Sch2d95,Sch,2025,All,dN_HZ,-7740.733899880926,-7888.257792192613,-10148.059316489826,-4326.887956476102
Sch2d95,Sch,2025,All,dN_HZ_Death,-0.15202337056245593,-0.15252103314669907,-0.19891652717108788,-0.09541190649519246
Sch2d95,Sch,2025,All,PAF_Inc,0.08149579931380856,0.08320767318630304,0.04347929272431059,0.10743143070819466
Sch2d95,Sch,2025,All,PAF_Mor,0.3875216252351054,0.3960406493928528,0.2361526771612454,0.48046122450153406
Sch2d95,Sch,2025,All,Avt_Inc,0.013920273834506915,0.014188554157232452,0.007678982255353963,0.018023484539355462
Sch2d95,Sch,2025,All,Avt_Mor,0.06567882151512246,0.0669187441189647,0.04070001498174318,0.08201842467879356
Sch2d95,Sch,2026,All,dN_HZ,-9376.555969508625,-9532.798906972872,-12308.704984264428,-5311.475100668215
Sch2d95,Sch,2026,All,dN_HZ_Death,-0.1826568713954467,-0.18343851570475572,-0.239647215997822,-0.11675923673095016
Sch2d95,Sch,2026,All,PAF_Inc,0.10026324115624706,0.10239368940207227,0.05320985911164092,0.133121684150947
Sch2d95,Sch,2026,All,PAF_Mor,0.46240786715034304,0.47388741750738084,0.28440709761416894,0.5680434865030963
Sch2d95,Sch,2026,All,Avt_Inc,0.020213735918586682,0.020598001883207498,0.011170539144866074,0.02618400398642067
Sch2d95,Sch,2026,All,Avt_Mor,0.0946675376886559,0.09660011882103989,0.05884464502988472,0.11755211966425046
Sch2d95,Sch,2027,All,dN_HZ,-10910.756912243269,-11045.314168608362,-14312.55112942157,-6251.659113720246
Sch2d95,Sch,2027,All,dN_HZ_Death,-0.20864613502488796,-0.20945106239678218,-0.2730932763183352,-0.13559915608249237
Sch2d95,Sch,2027,All,PAF_Inc,0.11911077146693476,0.12243889554150558,0.062491605048831125,0.15957038695833348
Sch2d95,Sch,2027,All,PAF_Mor,0.5252193080075495,0.5401049691680451,0.3260199147920681,0.6410264772998723
Sch2d95,Sch,2027,All,Avt_Inc,0.026803113585144582,0.027322448968806045,0.014846251774529478,0.03477043437383653
Sch2d95,Sch,2027,All,Avt_Mor,0.12413756664803141,0.12675334403932942,0.0780383503739558,0.15336439920958655
Sch2d95,Sch,2028,All,dN_HZ,-12062.425415713868,-12201.445886366768,-15778.62592521568,-6964.131393314917
Sch2d95,Sch,2028,All,dN_HZ_Death,-0.2294464411866718,-0.2309045625090142,-0.29858249520162017,-0.15118788500498784
Sch2d95,Sch,2028,All,PAF_Inc,0.13330129766795545,0.13683413026690194,0.06928483501212858,0.1793236493578281
Sch2d95,Sch,2028,All,PAF_Mor,0.5731061002045403,0.5906710912108691,0.35912523431505256,0.6966410741646551
Sch2d95,Sch,2028,All,Avt_Inc,0.03337886279681427,0.03399051168802343,0.018512892820039543,0.043380270182556746
Sch2d95,Sch,2028,All,Avt_Mor,0.15310623293409725,0.1564375713990902,0.09727906819168855,0.18822879278380858
Sch2d95,Sch,2029,All,dN_HZ,-12879.332894482164,-13062.616340017463,-16809.156152644893,-7532.61864569497
Sch2d95,Sch,2029,All,dN_HZ_Death,-0.24572817667580335,-0.24678130084016497,-0.31795462408323627,-0.16407983337484347
Sch2d95,Sch,2029,All,PAF_Inc,0.14689820226302291,0.1502090594970361,0.0752058663186273,0.1990625960360687
Sch2d95,Sch,2029,All,PAF_Mor,0.6104451510933456,0.6292947210575054,0.38618094994292856,0.7395131043980175
Sch2d95,Sch,2029,All,Avt_Inc,0.03978506988603519,0.04049457414060734,0.02207822245657858,0.051783411658029015
Sch2d95,Sch,2029,All,Avt_Mor,0.18096467827367535,0.18503406734529587,0.11584669987850449,0.22148641324818005
Sch2d95,Sch,2030,All,dN_HZ,-13415.968569949639,-13642.159542887966,-17429.46354437127,-7939.934511513342
Sch2d95,Sch,2030,All,dN_HZ_Death,-0.2583342672273485,-0.2584296356534101,-0.3324941506748443,-0.17483345207158263
Sch2d95,Sch,2030,All,PAF_Inc,0.15869408366656276,0.16218757186431915,0.07987728072847078,0.21570743471763615
Sch2d95,Sch,2030,All,PAF_Mor,0.6395714180090858,0.6596688748861,0.40590742880883657,0.7756640698281897
Sch2d95,Sch,2030,All,Avt_Inc,0.04591922393072068,0.04676015049176414,0.025454141125704766,0.05982326510692182
Sch2d95,Sch,2030,All,Avt_Mor,0.20737750442173,0.21220381948842137,0.1340329654315918,0.25277127959806645
Sch2d95,Sch,2031,All,dN_HZ,-13696.10202745789,-13896.45964696127,-17748.082718389716,-8148.115801545657
Sch2d95,Sch,2031,All,dN_HZ_Death,-0.2678621112522868,-0.267206454170276,-0.3433091150343253,-0.1840004490505403
Sch2d95,Sch,2031,All,PAF_Inc,0.16855781711148735,0.17211403782928003,0.0834286328340676,0.23375988766759398
Sch2d95,Sch,2031,All,PAF_Mor,0.6622572316831965,0.6833730917131816,0.4205714206788154,0.8009230773391173
Sch2d95,Sch,2031,All,Avt_Inc,0.051709586966195466,0.052711176298640194,0.028588593573316178,0.0674559533195664
Sch2d95,Sch,2031,All,Avt_Mor,0.23217670023849798,0.23775955890983427,0.1510326750866989,0.28193089333353655
Sch2d95,Sch,2032,All,dN_HZ,-13754.094914347339,-13916.168363299683,-17748.74455020205,-8168.503788370489
Sch2d95,Sch,2032,All,dN_HZ_Death,-0.2742605678617839,-0.27325000739242317,-0.35175417129084985,-0.18848374836580897
Sch2d95,Sch,2032,All,PAF_Inc,0.17697068351928563,0.18093049992127969,0.0856226593697068,0.2508643124419346
Sch2d95,Sch,2032,All,PAF_Mor,0.6797232821204782,0.7025649680525288,0.4305378841529219,0.8204020198682587
Sch2d95,Sch,2032,All,Avt_Inc,0.057118054242976724,0.05829720343824962,0.03147140875819004,0.07462067809886079
Sch2d95,Sch,2032,All,Avt_Mor,0.2552570200128536,0.26110290638243505,0.16691162677937482,0.3091530833955147
Sch2d95,Sch,2033,All,dN_HZ,-13170.724397267826,-13315.464293113928,-16937.961893732594,-7921.985838439921
Sch2d95,Sch,2033,All,dN_HZ_Death,-0.2743017470845066,-0.2736697655500997,-0.351015038677512,-0.19033485274154546
Sch2d95,Sch,2033,All,PAF_Inc,0.17465820333473783,0.17823481901568272,0.08398374345093432,0.2510911161940139
Sch2d95,Sch,2033,All,PAF_Mor,0.6845493669931212,0.7084986211144721,0.4342754211898885,0.829006969795067
Sch2d95,Sch,2033,All,Avt_Inc,0.06184006665830557,0.06321562457079773,0.03397628654556973,0.08089768380688137
Sch2d95,Sch,2033,All,Avt_Mor,0.27616669253269727,0.28219258893058424,0.18133423734888424,0.3344320742202234
Sch2d95,Sch,2034,All,dN_HZ,-12433.87309995971,-12575.495738085683,-15840.619004053286,-7560.331548656207
Sch2d95,Sch,2034,All,dN_HZ_Death,-0.27040468697073017,-0.2700298430466106,-0.34445515599713816,-0.18869546842496043
Sch2d95,Sch,2034,All,PAF_Inc,0.1697381690181337,0.1721953780773965,0.08031248779001193,0.2477329661756753
Sch2d95,Sch,2034,All,PAF_Mor,0.6843817810430842,0.7056248018158799,0.432588013652318,0.832747861518954
Sch2d95,Sch,2034,All,Avt_Inc,0.0658880787604515,0.06730026691751154,0.03623642013485669,0.086247056721584
Sch2d95,Sch,2034,All,Avt_Mor,0.29486737229362514,0.30143496296189265,0.1939485317233966,0.35710172261254686
Sch2d95,Sch,2035,All,dN_HZ,-11597.599232570168,-11777.987540953036,-14728.752879419093,-7148.151707706965
Sch2d95,Sch,2035,All,dN_HZ_Death,-0.26307028648528086,-0.26344679287211104,-0.3331642537913154,-0.1850719716737242
Sch2d95,Sch,2035,All,PAF_Inc,0.16254223261527387,0.16420150568937147,0.07646724864431702,0.23875730788267216
Sch2d95,Sch,2035,All,PAF_Mor,0.6797358333485911,0.7010254420365228,0.4270259371739846,0.8324749801148409
Sch2d95,Sch,2035,All,Avt_Inc,0.06929073693247378,0.07072199304930682,0.03800549019224164,0.090746767201767
Sch2d95,Sch,2035,All,Avt_Mor,0.31138780251193415,0.31808894097337703,0.20427832650179,0.37728872073963304
Sch2d95,Sch,2036,All,dN_HZ,-10705.974935593267,-10867.064875996355,-13529.522590995675,-6649.526280283667
Sch2d95,Sch,2036,All,dN_HZ_Death,-0.2524846040480812,-0.2528504500474208,-0.31749841735431983,-0.17897139662383016
Sch2d95,Sch,2036,All,PAF_Inc,0.15371914965683908,0.15503152815936583,0.07211605574583992,0.2266515101725856
Sch2d95,Sch,2036,All,PAF_Mor,0.6708536083367447,0.6886739799543105,0.41908620357685755,0.8284537563838674
Sch2d95,Sch,2036,All,Avt_Inc,0.07209031261736897,0.07364259085551447,0.03942384326382498,0.0944847734582679
Sch2d95,Sch,2036,All,Avt_Mor,0.3257814272176805,0.33249598214911436,0.21419269185538412,0.3949826124706653
Sch2d95,Sch,2037,All,dN_HZ,-9808.155468215013,-9888.794130363694,-12323.142934104915,-6100.489262372205
Sch2d95,Sch,2037,All,dN_HZ_Death,-0.2377956900443014,-0.23807437255984687,-0.2977825170629918,-0.16887389432665653
Sch2d95,Sch,2037,All,PAF_Inc,0.14382992795253022,0.14483484406707753,0.0670389572633437,0.21222672170519002
Sch2d95,Sch,2037,All,PAF_Mor,0.657165682136189,0.6726642738561965,0.4071270839213628,0.819993358775077
Sch2d95,Sch,2037,All,Avt_Inc,0.0743407860879363,0.07590534664818244,0.04048477464348384,0.09747161056385076
Sch2d95,Sch,2037,All,Avt_Mor,0.33805254912013827,0.3446030933455398,0.22255338876374722,0.4097483439209
Sch2d95,Sch,2038,All,dN_HZ,-9086.021236487051,-9172.221281794453,-11416.517356733646,-5702.911913352305
Sch2d95,Sch,2038,All,dN_HZ_Death,-0.22076042295032325,-0.22072680978876436,-0.2742426275254005,-0.1575518672204516
Sch2d95,Sch,2038,All,PAF_Inc,0.135512083098517,0.13543808102112337,0.0632830546909675,0.20194545788861787
Sch2d95,Sch,2038,All,PAF_Mor,0.6402565114740638,0.6525223280291399,0.3888059270590393,0.8157713996638796
Sch2d95,Sch,2038,All,Avt_Inc,0.07616589888295797,0.07775275530307996,0.04126274423345019,0.10026793290097141
Sch2d95,Sch,2038,All,Avt_Mor,0.34833446427367953,0.3550572142990389,0.22950688002903463,0.42225512111099545
Sch2d95,Sch,2039,All,dN_HZ,-8135.052626194206,-8243.271725077397,-10230.64512173252,-5177.816211463618
Sch2d95,Sch,2039,All,dN_HZ_Death,-0.20054541349402505,-0.2000490183380954,-0.2487258840604123,-0.14336256414811016
Sch2d95,Sch,2039,All,PAF_Inc,0.12279461582253742,0.1225960719393159,0.057631336552857154,0.18404142595445502
Sch2d95,Sch,2039,All,PAF_Mor,0.615234605569786,0.6214642351717674,0.3670408476985742,0.8036781935536149
Sch2d95,Sch,2039,All,Avt_Inc,0.07749461907254641,0.0791045956270092,0.0418526137357182,0.1025352881977554
Sch2d95,Sch,2039,All,Avt_Mor,0.3566269438473716,0.3639670817871117,0.2340452932326475,0.43322110999736824
Sch2d95,Sch,2040,All,dN_HZ,-7224.60541046187,-7319.160002905795,-9084.316150913879,-4642.537223940152
Sch2d95,Sch,2040,All,dN_HZ_Death,-0.17880668280772008,-0.1786795896168733,-0.2211699162570122,-0.13022796203770115
Sch2d95,Sch,2040,All,PAF_Inc,0.10994871314950472,0.10844399359912454,0.05160889494347878,0.1669537357335474
Sch2d95,Sch,2040,All,PAF_Mor,0.5839921264490657,0.5886991766810654,0.3412476841706312,0.778832187147856
Sch2d95,Sch,2040,All,Avt_Inc,0.07837914868679657,0.07998001877507166,0.04218631605684279,0.1042901707014922
Sch2d95,Sch,2040,All,Avt_Mor,0.3630405505523594,0.37064597489880463,0.23716542895027914,0.4420841661028174
Sch2d95,Sch,2041,All,dN_HZ,-6378.855091080413,-6444.385316742177,-8050.721798096334,-4130.481079935436
Sch2d95,Sch,2041,All,dN_HZ_Death,-0.15633034868356274,-0.1553783906776899,-0.19310113447825902,-0.11651802843097715
Sch2d95,Sch,2041,All,PAF_Inc,0.09764613362508891,0.09543174928139626,0.04571835579050952,0.1512236787741498
Sch2d95,Sch,2041,All,PAF_Mor,0.5460161439705176,0.5496254109126861,0.3114056948747939,0.7465078868609798
Sch2d95,Sch,2041,All,Avt_Inc,0.07887819994463217,0.08052908757198055,0.042303150070418,0.10560644321805296
Sch2d95,Sch,2041,All,Avt_Mor,0.3676974029760217,0.37519578882807225,0.2392396522945819,0.44894729478134304
Sch2d95,Sch,2042,All,dN_HZ,-5599.827959124442,-5666.504215607409,-7104.265582880392,-3660.4764667937225
Sch2d95,Sch,2042,All,dN_HZ_Death,-0.13360074587304918,-0.13245922917800879,-0.1643548986912266,-0.10107803087430925
Sch2d95,Sch,2042,All,PAF_Inc,0.08605869666241944,0.08409780346461393,0.04053922189140097,0.13589776213821989
Sch2d95,Sch,2042,All,PAF_Mor,0.5007582380469416,0.5037524322747604,0.27796296899605255,0.7138530790839224
Sch2d95,Sch,2042,All,Avt_Inc,0.07904571145298939,0.08079277178612593,0.04224652007123701,0.10646457610503211
Sch2d95,Sch,2042,All,Avt_Mor,0.370716375840576,0.3786886384808196,0.24042366279257008,0.45372724699216865
Sch2d95,Sch,2043,All,dN_HZ,-4905.046335328305,-4977.482197653968,-6204.528984876587,-3208.1847008302293
Sch2d95,Sch,2043,All,dN_HZ_Death,-0.11355267428048704,-0.11302712283085362,-0.13957722732227326,-0.08771086102876828
Sch2d95,Sch,2043,All,PAF_Inc,0.07551646827776592,0.07317500423086666,0.035636050938377434,0.12076402712047289
Sch2d95,Sch,2043,All,PAF_Mor,0.4533241886730173,0.4538824046625161,0.24498313417694956,0.6735252907178503
Sch2d95,Sch,2043,All,Avt_Inc,0.07893620962877,0.08072624794765737,0.04203993257142853,0.10686808989113784
Sch2d95,Sch,2043,All,Avt_Mor,0.3723543624691346,0.38077408916789457,0.2405550603833701,0.45657605919080085
Sch2d95,Sch,2044,All,dN_HZ,-4296.666588973662,-4342.597897233445,-5398.871299569975,-2841.009765468642
Sch2d95,Sch,2044,All,dN_HZ_Death,-0.09625659718470651,-0.09620839213653072,-0.11743943049063449,-0.07531675067007687
Sch2d95,Sch,2044,All,PAF_Inc,0.06615863614911036,0.06452682493972622,0.031150424885959562,0.10667700829777757
Sch2d95,Sch,2044,All,PAF_Mor,0.4052476991254056,0.4033403237129231,0.21289912170898945,0.627601913330521
Sch2d95,Sch,2044,All,Avt_Inc,0.078600306506339,0.0804263727007889,0.04164663555393263,0.10655328460263912
Sch2d95,Sch,2044,All,Avt_Mor,0.3728350237695405,0.3816767334370974,0.23985510533243687,0.45817015388486504
Sch2d95,Sch,2045,All,dN_HZ,-3776.3190222902595,-3826.7144242877002,-4737.2738718987675,-2511.6473427256096
Sch2d95,Sch,2045,All,dN_HZ_Death,-0.08167357046501761,-0.08202041287409484,-0.09937004471485869,-0.0648597088160834
Sch2d95,Sch,2045,All,PAF_Inc,0.05798277043285094,0.05648134078356544,0.02744536572022116,0.0940861043949683
Sch2d95,Sch,2045,All,PAF_Mor,0.35822660235471376,0.35241079875265025,0.1853338439719952,0.5760376997624048
Sch2d95,Sch,2045,All,Avt_Inc,0.0780822762351359,0.07989716139764794,0.041131651463533266,0.10598781549267612
Sch2d95,Sch,2045,All,Avt_Mor,0.37235262169948963,0.3810182192124476,0.2384742615598126,0.4586903396479775
Sch2d95,Sch,2046,All,dN_HZ,-3343.507956970661,-3384.326394242431,-4178.893261051013,-2235.9026025579374
Sch2d95,Sch,2046,All,dN_HZ_Death,-0.0696364874299979,-0.06973289522018386,-0.08551954656832302,-0.055317500334607715
Sch2d95,Sch,2046,All,PAF_Inc,0.051107516721986,0.04970050491297714,0.024231583463704756,0.08273380889512935
Sch2d95,Sch,2046,All,PAF_Mor,0.3141505666451777,0.30598549482262183,0.15978976801968625,0.5164019119152489
Sch2d95,Sch,2046,All,Avt_Inc,0.07742424332749558,0.07918705995027975,0.040563291950158245,0.10538319125206465
Sch2d95,Sch,2046,All,Avt_Mor,0.3710769959862687,0.3790392845407595,0.23653351743682155,0.458328148656084
Sch2d95,Sch,2047,All,dN_HZ,-2972.9925460241384,-3008.361452084355,-3715.3663840177555,-1978.9542322474645
Sch2d95,Sch,2047,All,dN_HZ_Death,-0.059258865767096575,-0.05921035739433879,-0.07326469089347004,-0.046510946385235834
Sch2d95,Sch,2047,All,PAF_Inc,0.045220192526816375,0.04394009881352981,0.021364357893456164,0.0730813465570954
Sch2d95,Sch,2047,All,PAF_Mor,0.2724820100522997,0.263738236265567,0.1364024549704036,0.4598769310474544
Sch2d95,Sch,2047,All,Avt_Inc,0.07665760033945684,0.07834776700131024,0.04003426344480393,0.10448813150412148
Sch2d95,Sch,2047,All,Avt_Mor,0.36912525298807547,0.37776465148953925,0.23413519955144219,0.45718346687899053
Sch2d95,Sch,2048,All,dN_HZ,-2777.3913455180946,-2819.8873139012067,-3503.674313036528,-1849.072034657862
Sch2d95,Sch,2048,All,dN_HZ_Death,-0.050942777882839366,-0.0500567423458394,-0.06336139408724553,-0.04002760006509297
Sch2d95,Sch,2048,All,PAF_Inc,0.04191625333920036,0.040767237898630515,0.019811527132082885,0.06737051769596128
Sch2d95,Sch,2048,All,PAF_Mor,0.23589202462897507,0.2273123935895674,0.11823326062788397,0.4050957183989216
Sch2d95,Sch,2048,All,Avt_Inc,0.07584596479004493,0.07738680010632326,0.03948533632845123,0.10352111426564992
Sch2d95,Sch,2048,All,Avt_Mor,0.36662299276342347,0.3750396111396631,0.23136511695289738,0.45536759966842344
Sch2d95,Sch,2049,All,dN_HZ,-2497.5719179764933,-2545.856558504136,-3168.3129477895336,-1680.6577525172988
Sch2d95,Sch,2049,All,dN_HZ_Death,-0.044272145622101286,-0.0436522879704274,-0.056117728559066646,-0.03422708337479764
Sch2d95,Sch,2049,All,PAF_Inc,0.037401552817255684,0.0364849970254567,0.017842930351905935,0.05998018020163484
Sch2d95,Sch,2049,All,PAF_Mor,0.20424387478731343,0.1967891298856779,0.102109870428044,0.35228818152203545
Sch2d95,Sch,2049,All,Avt_Inc,0.07496413909467511,0.07635873528752908,0.038908984168873055,0.10244685052146114
Sch2d95,Sch,2049,All,Avt_Mor,0.3636681745663454,0.3712879703479435,0.2283207231468381,0.4540088994030995
Sch2d95,Sch,2050,All,dN_HZ,-2259.7069656966883,-2302.047341204896,-2881.9610649636725,-1519.2522277900564
Sch2d95,Sch,2050,All,dN_HZ_Death,-0.03923837122332541,-0.03869515315933511,-0.050047198843602515,-0.029647339931428845
Sch2d95,Sch,2050,All,PAF_Inc,0.03356567046477999,0.032668058660206147,0.016084050101119407,0.05426044195804791
Sch2d95,Sch,2050,All,PAF_Mor,0.1789420766682034,0.17243895001821563,0.08967307324360667,0.31168614110698384
Sch2d95,Sch,2050,All,Avt_Inc,0.0740302532870327,0.07536449225796635,0.03831079314181002,0.10130249687814949
Sch2d95,Sch,2050,All,Avt_Mor,0.36036705735866165,0.3677458548505342,0.22508084671898912,0.4518689780477405
